TAP version 13
# Subtest: accordion client metadata keeps order, icons, open state, and bounded derived markdown
ok 1 - accordion client metadata keeps order, icons, open state, and bounded derived markdown
  ---
  duration_ms: 26.569588
  type: 'test'
  ...
# Subtest: accordion external controls preserve the editor's live data object
ok 2 - accordion external controls preserve the editor's live data object
  ---
  duration_ms: 0.450839
  type: 'test'
  ...
# Subtest: accordion item removal keeps the live editor mounted to avoid focus and layout flicker
ok 3 - accordion item removal keeps the live editor mounted to avoid focus and layout flicker
  ---
  duration_ms: 0.646678
  type: 'test'
  ...
# Subtest: accordion translations and item icon picker scope are complete
ok 4 - accordion translations and item icon picker scope are complete
  ---
  duration_ms: 0.573055
  type: 'test'
  ...
# Subtest: accordion UI, persistence, collaboration, backup, and structured integrity hooks stay registered
ok 5 - accordion UI, persistence, collaboration, backup, and structured integrity hooks stay registered
  ---
  duration_ms: 24.507107
  type: 'test'
  ...
# Subtest: all replayable blocks.type enum migrations include ACCORDION and migration 053 is non-destructive
ok 6 - all replayable blocks.type enum migrations include ACCORDION and migration 053 is non-destructive
  ---
  duration_ms: 7.701124
  type: 'test'
  ...
# Subtest: account-avatar operations are scoped to the authenticated user
ok 7 - account-avatar operations are scoped to the authenticated user
  ---
  duration_ms: 1.22217
  type: 'test'
  ...
# Subtest: avatar preparation cannot outlive settings, auth identity, or a removal intent
ok 8 - avatar preparation cannot outlive settings, auth identity, or a removal intent
  ---
  duration_ms: 328.534323
  type: 'test'
  ...
# Subtest: standalone reproduction demonstrates stale avatar preparation and premature save
ok 9 - standalone reproduction demonstrates stale avatar preparation and premature save
  ---
  duration_ms: 67.062944
  type: 'test'
  ...
# Subtest: profile mutations run in enqueue order even when a later operation can finish first
ok 10 - profile mutations run in enqueue order even when a later operation can finish first
  ---
  duration_ms: 7.815273
  type: 'test'
  ...
# Subtest: a failed profile mutation does not block the next queued intent
ok 11 - a failed profile mutation does not block the next queued intent
  ---
  duration_ms: 1.571804
  type: 'test'
  ...
# Subtest: auth invalidation suppresses in-flight results and cancels queued old-account writes
ok 12 - auth invalidation suppresses in-flight results and cancels queued old-account writes
  ---
  duration_ms: 0.412305
  type: 'test'
  ...
# Subtest: auth invalidation detaches a new account from a stalled old-account mutation
ok 13 - auth invalidation detaches a new account from a stalled old-account mutation
  ---
  duration_ms: 4.283149
  type: 'test'
  ...
# Subtest: account profile callers share one authenticated mutation queue
ok 14 - account profile callers share one authenticated mutation queue
  ---
  duration_ms: 301.791306
  type: 'test'
  ...
# Subtest: standalone reproduction proves the preference ordering regression and correction
ok 15 - standalone reproduction proves the preference ordering regression and correction
  ---
  duration_ms: 55.484045
  type: 'test'
  ...
# Subtest: standalone reproduction proves auth-boundary queue isolation
ok 16 - standalone reproduction proves auth-boundary queue isolation
  ---
  duration_ms: 126.944602
  type: 'test'
  ...
# Subtest: profile draft replacement requires the same account and unchanged submitted values
ok 17 - profile draft replacement requires the same account and unchanged submitted values
  ---
  duration_ms: 5.242313
  type: 'test'
  ...
# Subtest: profile save response cannot overwrite a newer visible name or avatar draft
ok 18 - profile save response cannot overwrite a newer visible name or avatar draft
  ---
  duration_ms: 334.389622
  type: 'test'
  ...
# Subtest: standalone reproduction proves the stale profile response and corrected preservation
ok 19 - standalone reproduction proves the stale profile response and corrected preservation
  ---
  duration_ms: 54.793489
  type: 'test'
  ...
# Subtest: account security data and mutations are isolated across authentication boundaries
ok 20 - account security data and mutations are isolated across authentication boundaries
  ---
  duration_ms: 182.946216
  type: 'test'
  ...
# Subtest: standalone reproduction proves sensitive state leakage and stale-response suppression
ok 21 - standalone reproduction proves sensitive state leakage and stale-response suppression
  ---
  duration_ms: 94.67317
  type: 'test'
  ...
# Subtest: account-security mutations revalidate the exact device session at the durable boundary
ok 22 - account-security mutations revalidate the exact device session at the durable boundary
  ---
  duration_ms: 108.587661
  type: 'test'
  ...
# Subtest: MFA enrollment and credential mutations cannot resurrect a revoked device session
ok 23 - MFA enrollment and credential mutations cannot resurrect a revoked device session
  ---
  duration_ms: 15.707213
  type: 'test'
  ...
# Subtest: session-only fence locks the account and exact device session without coupling account security to workspace generation
ok 24 - session-only fence locks the account and exact device session without coupling account security to workspace generation
  ---
  duration_ms: 97.455118
  type: 'test'
  ...
# Subtest: standalone reproduction shows revoked-session credential resurrection before the fix
ok 25 - standalone reproduction shows revoked-session credential resurrection before the fix
  ---
  duration_ms: 89.701575
  type: 'test'
  ...
# Subtest: AI chat persisted caches retain pagination controls only through the AI_CHAT sanitizer policy
ok 26 - AI chat persisted caches retain pagination controls only through the AI_CHAT sanitizer policy
  ---
  duration_ms: 5.506056
  type: 'test'
  ...
# Subtest: both persisted html_cache read boundaries select the sanitizer by block type
ok 27 - both persisted html_cache read boundaries select the sanitizer by block type
  ---
  duration_ms: 2.960811
  type: 'test'
  ...
# Subtest: client pagination hydration depends on the controls preserved by the read-boundary sanitizer
ok 28 - client pagination hydration depends on the controls preserved by the read-boundary sanitizer
  ---
  duration_ms: 16.321029
  type: 'test'
  ...
# Subtest: new AI chat follow-up turns inherit the first turn timestamp as their initial value
ok 29 - new AI chat follow-up turns inherit the first turn timestamp as their initial value
  ---
  duration_ms: 3.015102
  type: 'test'
  ...
# Subtest: clearing the first turn timestamp also creates a blank follow-up timestamp
ok 30 - clearing the first turn timestamp also creates a blank follow-up timestamp
  ---
  duration_ms: 0.649332
  type: 'test'
  ...
# Subtest: AI read mode turns only paragraph-end numeric HTTP(S) citations into compact domain/favicon chips
ok 31 - AI read mode turns only paragraph-end numeric HTTP(S) citations into compact domain/favicon chips
  ---
  duration_ms: 17.233317
  type: 'test'
  ...
# Subtest: citation chips handle bracketed references and country-code domains while named links stay ordinary
ok 32 - citation chips handle bracketed references and country-code domains while named links stay ordinary
  ---
  duration_ms: 3.238279
  type: 'test'
  ...
# Subtest: AI read mode treats wrapper parentheses around a normalized numeric reference link as citation syntax
ok 33 - AI read mode treats wrapper parentheses around a normalized numeric reference link as citation syntax
  ---
  duration_ms: 3.170762
  type: 'test'
  ...
# Subtest: AI read mode removes wrapper parentheses around a trailing named reference link only
ok 34 - AI read mode removes wrapper parentheses around a trailing named reference link only
  ---
  duration_ms: 2.66393
  type: 'test'
  ...
# Subtest: plain [1] and grouped [2, 13] markers receive relocated source chips instead of leaving chips at the Markdown tail
ok 35 - plain [1] and grouped [2, 13] markers receive relocated source chips instead of leaving chips at the Markdown tail
  ---
  duration_ms: 6.233701
  type: 'test'
  ...
# Subtest: single citations between sentences relocate from tail sources instead of leaking raw markers
ok 36 - single citations between sentences relocate from tail sources instead of leaking raw markers
  ---
  duration_ms: 3.482425
  type: 'test'
  ...
# Subtest: partially classified tail sources complete grouped [1, 2] citations instead of leaking [2] text
ok 37 - partially classified tail sources complete grouped [1, 2] citations instead of leaking [2] text
  ---
  duration_ms: 1.6888
  type: 'test'
  ...
# Subtest: plain or bold Sources paragraphs seed named links for grouped citation tooltips
ok 38 - plain or bold Sources paragraphs seed named links for grouped citation tooltips
  ---
  duration_ms: 4.826162
  type: 'test'
  ...
# Subtest: grouped [1, 2, 3] sources render one representative chip and remove the exhausted source section
ok 39 - grouped [1, 2, 3] sources render one representative chip and remove the exhausted source section
  ---
  duration_ms: 2.605801
  type: 'test'
  ...
# Subtest: read mode removes duplicate numeric markers that trail an already-rendered citation chip
ok 40 - read mode removes duplicate numeric markers that trail an already-rendered citation chip
  ---
  duration_ms: 3.647291
  type: 'test'
  ...
# Subtest: directly linked [1, 2] and [2, 3] citation clusters collapse into one chip with tooltip navigation
ok 41 - directly linked [1, 2] and [2, 3] citation clusters collapse into one chip with tooltip navigation
  ---
  duration_ms: 8.00803
  type: 'test'
  ...
# Subtest: server-marked numeric reference links hydrate mid-prose while arbitrary numeric links stay ordinary
ok 42 - server-marked numeric reference links hydrate mid-prose while arbitrary numeric links stay ordinary
  ---
  duration_ms: 2.121064
  type: 'test'
  ...
# Subtest: source-only Markdown links stay ordinary when there is no paragraph-end inline citation marker
ok 43 - source-only Markdown links stay ordinary when there is no paragraph-end inline citation marker
  ---
  duration_ms: 2.360345
  type: 'test'
  ...
# Subtest: unmarked numeric links in the middle of prose stay ordinary while paragraph-end citations become chips
ok 44 - unmarked numeric links in the middle of prose stay ordinary while paragraph-end citations become chips
  ---
  duration_ms: 1.307987
  type: 'test'
  ...
# Subtest: read mode hydrates citation links through the existing secured URL preview API
ok 45 - read mode hydrates citation links through the existing secured URL preview API
  ---
  duration_ms: 3.732083
  type: 'test'
  ...
# Subtest: AI textarea sizing defers hidden read-mode measurement and expands after write mode becomes visible
ok 46 - AI textarea sizing defers hidden read-mode measurement and expands after write mode becomes visible
  ---
  duration_ms: 1.690949
  type: 'test'
  ...
# Subtest: AI textarea sizing preserves the existing question and answer minimum heights
ok 47 - AI textarea sizing preserves the existing question and answer minimum heights
  ---
  duration_ms: 0.308916
  type: 'test'
  ...
# Subtest: native AI textarea sizing removes stale inline heights without reading or collapsing the live control
ok 48 - native AI textarea sizing removes stale inline heights without reading or collapsing the live control
  ---
  duration_ms: 0.237624
  type: 'test'
  ...
# Subtest: legacy AI textarea sizing never collapses the focused textarea to an intermediate auto height
ok 49 - legacy AI textarea sizing never collapses the focused textarea to an intermediate auto height
  ---
  duration_ms: 0.957821
  type: 'test'
  ...
# Subtest: write-mode UI synchronization re-measures mounted AI textarea heights after layout is restored
ok 50 - write-mode UI synchronization re-measures mounted AI textarea heights after layout is restored
  ---
  duration_ms: 1.519013
  type: 'test'
  ...
# node:internal/modules/esm/get_format:219
#   throw new ERR_UNKNOWN_FILE_EXTENSION(ext, filepath);
#         ^
# TypeError [ERR_UNKNOWN_FILE_EXTENSION]: Unknown file extension ".ts" for /mnt/data/BrainVault_work/src/lib/ai-chat.ts
#     at Object.getFileProtocolModuleFormat [as file:] (node:internal/modules/esm/get_format:219:9)
#     at defaultGetFormat (node:internal/modules/esm/get_format:245:36)
#     at defaultLoad (node:internal/modules/esm/load:120:22)
#     at async ModuleLoader.loadAndTranslate (node:internal/modules/esm/loader:580:32) {
#   code: 'ERR_UNKNOWN_FILE_EXTENSION'
# }
# Node.js v22.16.0
# Subtest: tests/ai-chat-timestamp-integrity.node.test.mjs
not ok 11 - tests/ai-chat-timestamp-integrity.node.test.mjs
  ---
  duration_ms: 53.895843
  type: 'test'
  location: '/mnt/data/BrainVault_work/tests/ai-chat-timestamp-integrity.node.test.mjs:1:1'
  failureType: 'testCodeFailure'
  exitCode: 1
  signal: ~
  error: 'test failed'
  code: 'ERR_TEST_FAILURE'
  ...
# node:internal/modules/esm/get_format:219
#   throw new ERR_UNKNOWN_FILE_EXTENSION(ext, filepath);
#         ^
# TypeError [ERR_UNKNOWN_FILE_EXTENSION]: Unknown file extension ".ts" for /mnt/data/BrainVault_work/src/lib/page-share-integrity.ts
#     at Object.getFileProtocolModuleFormat [as file:] (node:internal/modules/esm/get_format:219:9)
#     at defaultGetFormat (node:internal/modules/esm/get_format:245:36)
#     at defaultLoad (node:internal/modules/esm/load:120:22)
#     at async ModuleLoader.loadAndTranslate (node:internal/modules/esm/loader:580:32) {
#   code: 'ERR_UNKNOWN_FILE_EXTENSION'
# }
# Node.js v22.16.0
# Subtest: tests/archived-share-backup-integrity.node.test.mjs
not ok 12 - tests/archived-share-backup-integrity.node.test.mjs
  ---
  duration_ms: 51.61492
  type: 'test'
  location: '/mnt/data/BrainVault_work/tests/archived-share-backup-integrity.node.test.mjs:1:1'
  failureType: 'testCodeFailure'
  exitCode: 1
  signal: ~
  error: 'test failed'
  code: 'ERR_TEST_FAILURE'
  ...
# Subtest: deferred attachment cleanup is fenced from workspace restore generations
ok 53 - deferred attachment cleanup is fenced from workspace restore generations
  ---
  duration_ms: 13.380067
  type: 'test'
  ...
# Subtest: delete receipt replay keeps the original attachment generation across workspace restores
ok 54 - delete receipt replay keeps the original attachment generation across workspace restores
  ---
  duration_ms: 3.863692
  type: 'test'
  ...
# Subtest: standalone reproduction loses a retained restore file before the fence but not after it
ok 55 - standalone reproduction loses a retained restore file before the fence but not after it
  ---
  duration_ms: 461.623993
  type: 'test'
  ...
# Subtest: ambiguous attachment commit verification stays atomic across owner and workspace generations
ok 56 - ambiguous attachment commit verification stays atomic across owner and workspace generations
  ---
  duration_ms: 6.358455
  type: 'test'
  ...
# Subtest: reproduction: delete or restore between ambiguous commit reads cannot be acknowledged as success
ok 57 - reproduction: delete or restore between ambiguous commit reads cannot be acknowledged as success
  ---
  duration_ms: 1.220129
  type: 'test'
  ...
# node:internal/modules/esm/get_format:219
#   throw new ERR_UNKNOWN_FILE_EXTENSION(ext, filepath);
#         ^
# TypeError [ERR_UNKNOWN_FILE_EXTENSION]: Unknown file extension ".ts" for /mnt/data/BrainVault_work/src/lib/attachment-upload-admission.ts
#     at Object.getFileProtocolModuleFormat [as file:] (node:internal/modules/esm/get_format:219:9)
#     at defaultGetFormat (node:internal/modules/esm/get_format:245:36)
#     at defaultLoad (node:internal/modules/esm/load:120:22)
#     at async ModuleLoader.loadAndTranslate (node:internal/modules/esm/loader:580:32) {
#   code: 'ERR_UNKNOWN_FILE_EXTENSION'
# }
# Node.js v22.16.0
# Subtest: tests/attachment-upload-admission.node.test.mjs
not ok 14 - tests/attachment-upload-admission.node.test.mjs
  ---
  duration_ms: 54.587688
  type: 'test'
  location: '/mnt/data/BrainVault_work/tests/attachment-upload-admission.node.test.mjs:1:1'
  failureType: 'testCodeFailure'
  exitCode: 1
  signal: ~
  error: 'test failed'
  code: 'ERR_TEST_FAILURE'
  ...
# Subtest: attachment upload binds the create POST to the initiating page navigation
ok 59 - attachment upload binds the create POST to the initiating page navigation
  ---
  duration_ms: 17.617576
  type: 'test'
  ...
# Subtest: standalone reproduction covers both attachment pre-submit navigation windows
ok 60 - standalone reproduction covers both attachment pre-submit navigation windows
  ---
  duration_ms: 52.672921
  type: 'test'
  ...
# Subtest: authentication requests and authenticated shell initialization are generation scoped
ok 61 - authentication requests and authenticated shell initialization are generation scoped
  ---
  duration_ms: 18.826985
  type: 'test'
  ...
# Subtest: backup transfer responses remain bound to the account that started them
ok 62 - backup transfer responses remain bound to the account that started them
  ---
  duration_ms: 12.991997
  type: 'test'
  ...
# Subtest: old page-edit and transition finalizers cannot unlock a new authentication generation
ok 63 - old page-edit and transition finalizers cannot unlock a new authentication generation
  ---
  duration_ms: 10.659038
  type: 'test'
  ...
# Subtest: standalone reproduction proves the vulnerable ordering and the fixed boundaries
ok 64 - standalone reproduction proves the vulnerable ordering and the fixed boundaries
  ---
  duration_ms: 51.574435
  type: 'test'
  ...
# node:internal/modules/esm/get_format:219
#   throw new ERR_UNKNOWN_FILE_EXTENSION(ext, filepath);
#         ^
# TypeError [ERR_UNKNOWN_FILE_EXTENSION]: Unknown file extension ".ts" for /mnt/data/BrainVault_work/src/lib/user-agent.ts
#     at Object.getFileProtocolModuleFormat [as file:] (node:internal/modules/esm/get_format:219:9)
#     at defaultGetFormat (node:internal/modules/esm/get_format:245:36)
#     at defaultLoad (node:internal/modules/esm/load:120:22)
#     at async ModuleLoader.loadAndTranslate (node:internal/modules/esm/loader:580:32) {
#   code: 'ERR_UNKNOWN_FILE_EXTENSION'
# }
# Node.js v22.16.0
# Subtest: tests/auth-device-sessions.node.test.mjs
not ok 17 - tests/auth-device-sessions.node.test.mjs
  ---
  duration_ms: 55.296272
  type: 'test'
  location: '/mnt/data/BrainVault_work/tests/auth-device-sessions.node.test.mjs:1:1'
  failureType: 'testCodeFailure'
  exitCode: 1
  signal: ~
  error: 'test failed'
  code: 'ERR_TEST_FAILURE'
  ...
# Subtest: the browser boot path delegates session restoration before loading pages
ok 66 - the browser boot path delegates session restoration before loading pages
  ---
  duration_ms: 4.442345
  type: 'test'
  ...
# Subtest: restored cookie sessions enter the authenticated shell
ok 67 - restored cookie sessions enter the authenticated shell
  ---
  duration_ms: 1.780079
  type: 'test'
  ...
# Subtest: a transient workspace failure does not discard a valid session
ok 68 - a transient workspace failure does not discard a valid session
  ---
  duration_ms: 0.437064
  type: 'test'
  ...
# Subtest: authentication denials, including country-policy blocks, are classified as unauthenticated
ok 69 - authentication denials, including country-policy blocks, are classified as unauthenticated
  ---
  duration_ms: 0.327401
  type: 'test'
  ...
# Subtest: failed authenticated UI initialization rolls back partial state
ok 70 - failed authenticated UI initialization rolls back partial state
  ---
  duration_ms: 0.243251
  type: 'test'
  ...
# Subtest: a boot restoration superseded before commit leaves current state untouched
ok 71 - a boot restoration superseded before commit leaves current state untouched
  ---
  duration_ms: 0.219426
  type: 'test'
  ...
# Subtest: a boot restoration superseded during UI initialization rolls back only its own user
ok 72 - a boot restoration superseded during UI initialization rolls back only its own user
  ---
  duration_ms: 0.200805
  type: 'test'
  ...
# Subtest: a superseded boot never rolls back a newer login that already committed
ok 73 - a superseded boot never rolls back a newer login that already committed
  ---
  duration_ms: 0.139323
  type: 'test'
  ...
# Subtest: a boot restoration superseded during workspace load removes its partial session
ok 74 - a boot restoration superseded during workspace load removes its partial session
  ---
  duration_ms: 0.305799
  type: 'test'
  ...
# node:internal/modules/esm/get_format:219
#   throw new ERR_UNKNOWN_FILE_EXTENSION(ext, filepath);
#         ^
# TypeError [ERR_UNKNOWN_FILE_EXTENSION]: Unknown file extension ".ts" for /mnt/data/BrainVault_work/src/lib/cache-control.ts
#     at Object.getFileProtocolModuleFormat [as file:] (node:internal/modules/esm/get_format:219:9)
#     at defaultGetFormat (node:internal/modules/esm/get_format:245:36)
#     at defaultLoad (node:internal/modules/esm/load:120:22)
#     at async ModuleLoader.loadAndTranslate (node:internal/modules/esm/loader:580:32) {
#   code: 'ERR_UNKNOWN_FILE_EXTENSION'
# }
# Node.js v22.16.0
# Subtest: tests/authenticated-response-cache-policy.node.test.mjs
not ok 19 - tests/authenticated-response-cache-policy.node.test.mjs
  ---
  duration_ms: 38.009765
  type: 'test'
  location: '/mnt/data/BrainVault_work/tests/authenticated-response-cache-policy.node.test.mjs:1:1'
  failureType: 'testCodeFailure'
  exitCode: 1
  signal: ~
  error: 'test failed'
  code: 'ERR_TEST_FAILURE'
  ...
# Subtest: MFA credential changes rotate the authentication boundary atomically
ok 76 - MFA credential changes rotate the authentication boundary atomically
  ---
  duration_ms: 10.725979
  type: 'test'
  ...
# Subtest: current-password operations have an account-scoped throttle
ok 77 - current-password operations have an account-scoped throttle
  ---
  duration_ms: 14.333115
  type: 'test'
  ...
# Subtest: password change and logout reject stale requests and clear pending authentication state
ok 78 - password change and logout reject stale requests and clear pending authentication state
  ---
  duration_ms: 6.387514
  type: 'test'
  ...
# Subtest: the global limiter executes before request-body parsing
ok 79 - the global limiter executes before request-body parsing
  ---
  duration_ms: 3.817158
  type: 'test'
  ...
# Subtest: public static assets do not consume the shared per-IP API rate-limit budget
ok 80 - public static assets do not consume the shared per-IP API rate-limit budget
  ---
  duration_ms: 11.722345
  type: 'test'
  ...
# Subtest: the browser fences responses started under the replaced cookie
ok 81 - the browser fences responses started under the replaced cookie
  ---
  duration_ms: 16.719087
  type: 'test'
  ...
# Subtest: credential rotation cancels account-data work before stale restores can resume
ok 82 - credential rotation cancels account-data work before stale restores can resume
  ---
  duration_ms: 16.80097
  type: 'test'
  ...
# Subtest: authenticated API requests revalidate auth scope around async network preparation
ok 83 - authenticated API requests revalidate auth scope around async network preparation
  ---
  duration_ms: 15.612603
  type: 'test'
  ...
# Subtest: share mutations stay bound to the initiating authentication generation across persistence waits
ok 84 - share mutations stay bound to the initiating authentication generation across persistence waits
  ---
  duration_ms: 20.897427
  type: 'test'
  ...
# Subtest: destructive block actions stay bound to the initiating authentication generation
ok 85 - destructive block actions stay bound to the initiating authentication generation
  ---
  duration_ms: 11.955245
  type: 'test'
  ...
# Subtest: collaboration writes revalidate auth and session state at the durable transaction boundary
ok 86 - collaboration writes revalidate auth and session state at the durable transaction boundary
  ---
  duration_ms: 10.641977
  type: 'test'
  ...
# Subtest: standalone reproduction demonstrates vulnerable and remediated outcomes
ok 87 - standalone reproduction demonstrates vulnerable and remediated outcomes
  ---
  duration_ms: 61.397652
  type: 'test'
  ...
# Subtest: collaboration auth-rotation delete race reproduction is fenced at client and server
ok 88 - collaboration auth-rotation delete race reproduction is fenced at client and server
  ---
  duration_ms: 50.994333
  type: 'test'
  ...
# Subtest: direct note saves and reorder retries stay bound to the edit's authentication generation
ok 89 - direct note saves and reorder retries stay bound to the edit's authentication generation
  ---
  duration_ms: 22.522599
  type: 'test'
  ...
# Subtest: authenticated API responses revalidate auth scope after streaming the response body
ok 90 - authenticated API responses revalidate auth scope after streaming the response body
  ---
  duration_ms: 12.36248
  type: 'test'
  ...
# Subtest: standalone note-save auth-rotation reproduction rejects delayed stale writes
ok 91 - standalone note-save auth-rotation reproduction rejects delayed stale writes
  ---
  duration_ms: 70.518247
  type: 'test'
  ...
# Subtest: note metadata mutations stay bound to the initiating authentication generation
ok 92 - note metadata mutations stay bound to the initiating authentication generation
  ---
  duration_ms: 14.63973
  type: 'test'
  ...
# Subtest: standalone metadata auth-rotation reproduction rejects stale delayed mutations
ok 93 - standalone metadata auth-rotation reproduction rejects stale delayed mutations
  ---
  duration_ms: 71.748249
  type: 'test'
  ...
# Subtest: custom icon mutations revalidate authentication inside the storage transaction
not ok 94 - custom icon mutations revalidate authentication inside the storage transaction
  ---
  duration_ms: 18.266085
  type: 'test'
  location: '/mnt/data/BrainVault_work/tests/authentication-credential-boundary.node.test.mjs:649:1'
  failureType: 'testCodeFailure'
  error: |-
    every custom-icon write route must bind the request authentication scope
    
    5 !== 4
    
  code: 'ERR_ASSERTION'
  name: 'AssertionError'
  expected: 4
  actual: 5
  operator: 'strictEqual'
  stack: |-
    TestContext.<anonymous> (file:///mnt/data/BrainVault_work/tests/authentication-credential-boundary.node.test.mjs:655:10)
    async Test.run (node:internal/test_runner/test:1054:7)
    async Test.processPendingSubtests (node:internal/test_runner/test:744:7)
  ...
# Subtest: block move response application stays fenced to the initiating authentication generation
ok 95 - block move response application stays fenced to the initiating authentication generation
  ---
  duration_ms: 17.709446
  type: 'test'
  ...
# Subtest: collaboration mutation completions stay bound to their initiating auth/page/session context
ok 96 - collaboration mutation completions stay bound to their initiating auth/page/session context
  ---
  duration_ms: 12.219925
  type: 'test'
  ...
# node:internal/modules/esm/get_format:219
#   throw new ERR_UNKNOWN_FILE_EXTENSION(ext, filepath);
#         ^
# TypeError [ERR_UNKNOWN_FILE_EXTENSION]: Unknown file extension ".ts" for /mnt/data/BrainVault_work/src/lib/request-origin.ts
#     at Object.getFileProtocolModuleFormat [as file:] (node:internal/modules/esm/get_format:219:9)
#     at defaultGetFormat (node:internal/modules/esm/get_format:245:36)
#     at defaultLoad (node:internal/modules/esm/load:120:22)
#     at async ModuleLoader.loadAndTranslate (node:internal/modules/esm/loader:580:32) {
#   code: 'ERR_UNKNOWN_FILE_EXTENSION'
# }
# Node.js v22.16.0
# Subtest: tests/authentication-security.node.test.mjs
not ok 21 - tests/authentication-security.node.test.mjs
  ---
  duration_ms: 66.663951
  type: 'test'
  location: '/mnt/data/BrainVault_work/tests/authentication-security.node.test.mjs:1:1'
  failureType: 'testCodeFailure'
  exitCode: 1
  signal: ~
  error: 'test failed'
  code: 'ERR_TEST_FAILURE'
  ...
# Subtest: page-title and block autosave pin request expectedVersion across ambiguous retries
ok 98 - page-title and block autosave pin request expectedVersion across ambiguous retries
  ---
  duration_ms: 14.736926
  type: 'test'
  ...
# Subtest: pinning happens at writer admission so a queued edit still inherits the prior acknowledgement
ok 99 - pinning happens at writer admission so a queued edit still inherits the prior acknowledgement
  ---
  duration_ms: 1.074091
  type: 'test'
  ...
# Subtest: retry reproduction preserves exact replay and rejects stale overwrite after the fix
ok 100 - retry reproduction preserves exact replay and rejects stale overwrite after the fix
  ---
  duration_ms: 307.120597
  type: 'test'
  ...
# node:internal/modules/esm/get_format:219
#   throw new ERR_UNKNOWN_FILE_EXTENSION(ext, filepath);
#         ^
# TypeError [ERR_UNKNOWN_FILE_EXTENSION]: Unknown file extension ".ts" for /mnt/data/BrainVault_work/src/lib/attachment-metadata-integrity.ts
#     at Object.getFileProtocolModuleFormat [as file:] (node:internal/modules/esm/get_format:219:9)
#     at defaultGetFormat (node:internal/modules/esm/get_format:245:36)
#     at defaultLoad (node:internal/modules/esm/load:120:22)
#     at async ModuleLoader.loadAndTranslate (node:internal/modules/esm/loader:580:32) {
#   code: 'ERR_UNKNOWN_FILE_EXTENSION'
# }
# Node.js v22.16.0
# Subtest: tests/backup-attachment-metadata-integrity.node.test.mjs
not ok 23 - tests/backup-attachment-metadata-integrity.node.test.mjs
  ---
  duration_ms: 282.311692
  type: 'test'
  location: '/mnt/data/BrainVault_work/tests/backup-attachment-metadata-integrity.node.test.mjs:1:1'
  failureType: 'testCodeFailure'
  exitCode: 1
  signal: ~
  error: 'test failed'
  code: 'ERR_TEST_FAILURE'
  ...
# node:internal/modules/esm/get_format:219
#   throw new ERR_UNKNOWN_FILE_EXTENSION(ext, filepath);
#         ^
# TypeError [ERR_UNKNOWN_FILE_EXTENSION]: Unknown file extension ".ts" for /mnt/data/BrainVault_work/src/lib/structured-metadata-integrity.ts
#     at Object.getFileProtocolModuleFormat [as file:] (node:internal/modules/esm/get_format:219:9)
#     at defaultGetFormat (node:internal/modules/esm/get_format:245:36)
#     at defaultLoad (node:internal/modules/esm/load:120:22)
#     at async ModuleLoader.loadAndTranslate (node:internal/modules/esm/loader:580:32) {
#   code: 'ERR_UNKNOWN_FILE_EXTENSION'
# }
# Node.js v22.16.0
# Subtest: tests/backup-metadata-integrity.node.test.mjs
not ok 24 - tests/backup-metadata-integrity.node.test.mjs
  ---
  duration_ms: 65.968836
  type: 'test'
  location: '/mnt/data/BrainVault_work/tests/backup-metadata-integrity.node.test.mjs:1:1'
  failureType: 'testCodeFailure'
  exitCode: 1
  signal: ~
  error: 'test failed'
  code: 'ERR_TEST_FAILURE'
  ...
# Subtest: every created database table has an explicit backup-scope classification
not ok 103 - every created database table has an explicit backup-scope classification
  ---
  duration_ms: 47.722296
  type: 'test'
  location: '/mnt/data/BrainVault_work/tests/backup-schema-scope-guard.node.test.mjs:131:1'
  failureType: 'testCodeFailure'
  error: |-
    A database table was added or removed without reviewing its backup/restore scope. Classify the table here and add/adjust data-transfer coverage before accepting the schema change.
    + actual - expected
    ... Skipped lines
    
      [
        'block_create_mutations',
        'block_delete_mutations',
        'block_move_mutations',
        'block_order_mutations',
    ...
        'custom_icon_library_removals',
    +   'custom_icon_page_publications',
        'custom_icons',
        'data_restore_markers',
        'mfa_login_sessions',
        'mfa_step_up_sessions',
        'mfa_totp_setups',
    
  code: 'ERR_ASSERTION'
  name: 'AssertionError'
  expected:
    0: 'block_create_mutations'
    1: 'block_delete_mutations'
    2: 'block_move_mutations'
    3: 'block_order_mutations'
    4: 'blocks'
    5: 'collection_shares'
    6: 'custom_icon_library_removals'
    7: 'custom_icons'
    8: 'data_restore_markers'
    9: 'mfa_login_sessions'
    10: 'mfa_step_up_sessions'
    11: 'mfa_totp_setups'
    12: 'page_collaboration_state'
    13: 'page_collaboration_write_leases'
    14: 'page_collection_memberships'
    15: 'page_comment_create_mutations'
    16: 'page_comments'
    17: 'page_create_mutations'
    18: 'page_delete_mutations'
    19: 'page_recovery_candidates'
    20: 'page_recovery_grants'
    21: 'page_shares'
    22: 'page_tags'
    23: 'page_version_reset_mutations'
    24: 'page_versions'
    25: 'page_yjs_updates'
    26: 'pages'
    27: 'passkey_login_challenges'
    28: 'schema_migrations'
    29: 'tags'
    30: 'user_auth_sessions'
    31: 'user_country_login_blocks'
    32: 'user_country_login_countries'
    33: 'user_login_attempts'
    34: 'user_navigation_collapsed_pages'
    35: 'user_navigation_page_order'
    36: 'user_passkeys'
    37: 'user_totp_credentials'
    38: 'user_totp_ip_blocks'
    39: 'user_totp_ip_failures'
    40: 'users'
    41: 'webauthn_challenges'
    42: 'workspace_snapshots'
  actual:
    0: 'block_create_mutations'
    1: 'block_delete_mutations'
    2: 'block_move_mutations'
    3: 'block_order_mutations'
    4: 'blocks'
    5: 'collection_shares'
    6: 'custom_icon_library_removals'
    7: 'custom_icon_page_publications'
    8: 'custom_icons'
    9: 'data_restore_markers'
    10: 'mfa_login_sessions'
    11: 'mfa_step_up_sessions'
    12: 'mfa_totp_setups'
    13: 'page_collaboration_state'
    14: 'page_collaboration_write_leases'
    15: 'page_collection_memberships'
    16: 'page_comment_create_mutations'
    17: 'page_comments'
    18: 'page_create_mutations'
    19: 'page_delete_mutations'
    20: 'page_recovery_candidates'
    21: 'page_recovery_grants'
    22: 'page_shares'
    23: 'page_tags'
    24: 'page_version_reset_mutations'
    25: 'page_versions'
    26: 'page_yjs_updates'
    27: 'pages'
    28: 'passkey_login_challenges'
    29: 'schema_migrations'
    30: 'tags'
    31: 'user_auth_sessions'
    32: 'user_country_login_blocks'
    33: 'user_country_login_countries'
    34: 'user_login_attempts'
    35: 'user_navigation_collapsed_pages'
    36: 'user_navigation_page_order'
    37: 'user_passkeys'
    38: 'user_totp_credentials'
    39: 'user_totp_ip_blocks'
    40: 'user_totp_ip_failures'
    41: 'users'
    42: 'webauthn_challenges'
    43: 'workspace_snapshots'
  operator: 'deepStrictEqual'
  stack: |-
    TestContext.<anonymous> (file:///mnt/data/BrainVault_work/tests/backup-schema-scope-guard.node.test.mjs:138:10)
    async Test.run (node:internal/test_runner/test:1054:7)
    async startSubtestAfterBootstrap (node:internal/test_runner/harness:296:3)
  ...
# Subtest: portable-table DDL cannot change without an explicit backup contract review
ok 104 - portable-table DDL cannot change without an explicit backup contract review
  ---
  duration_ms: 37.995291
  type: 'test'
  ...
# node:internal/modules/esm/get_format:219
#   throw new ERR_UNKNOWN_FILE_EXTENSION(ext, filepath);
#         ^
# TypeError [ERR_UNKNOWN_FILE_EXTENSION]: Unknown file extension ".ts" for /mnt/data/BrainVault_work/src/lib/page-share-integrity.ts
#     at Object.getFileProtocolModuleFormat [as file:] (node:internal/modules/esm/get_format:219:9)
#     at defaultGetFormat (node:internal/modules/esm/get_format:245:36)
#     at defaultLoad (node:internal/modules/esm/load:120:22)
#     at async ModuleLoader.loadAndTranslate (node:internal/modules/esm/loader:580:32) {
#   code: 'ERR_UNKNOWN_FILE_EXTENSION'
# }
# Node.js v22.16.0
# Subtest: tests/backup-share-identity-integrity.node.test.mjs
not ok 26 - tests/backup-share-identity-integrity.node.test.mjs
  ---
  duration_ms: 89.677518
  type: 'test'
  location: '/mnt/data/BrainVault_work/tests/backup-share-identity-integrity.node.test.mjs:1:1'
  failureType: 'testCodeFailure'
  exitCode: 1
  signal: ~
  error: 'test failed'
  code: 'ERR_TEST_FAILURE'
  ...
# Subtest: complete backup includes and restores page sharing relationships
ok 106 - complete backup includes and restores page sharing relationships
  ---
  duration_ms: 171.609009
  type: 'test'
  ...
# Subtest: legacy backup cannot silently erase surviving current shares
ok 107 - legacy backup cannot silently erase surviving current shares
  ---
  duration_ms: 1.268391
  type: 'test'
  ...
# Subtest: new backup round-trip restores the backed-up collaborator
ok 108 - new backup round-trip restores the backed-up collaborator
  ---
  duration_ms: 0.36809
  type: 'test'
  ...
# node:internal/modules/esm/get_format:219
#   throw new ERR_UNKNOWN_FILE_EXTENSION(ext, filepath);
#         ^
# TypeError [ERR_UNKNOWN_FILE_EXTENSION]: Unknown file extension ".ts" for /mnt/data/BrainVault_work/src/lib/zip.ts
#     at Object.getFileProtocolModuleFormat [as file:] (node:internal/modules/esm/get_format:219:9)
#     at defaultGetFormat (node:internal/modules/esm/get_format:245:36)
#     at defaultLoad (node:internal/modules/esm/load:120:22)
#     at async ModuleLoader.loadAndTranslate (node:internal/modules/esm/loader:580:32) {
#   code: 'ERR_UNKNOWN_FILE_EXTENSION'
# }
# Node.js v22.16.0
# Subtest: tests/backup-stream-integrity.node.test.mjs
not ok 28 - tests/backup-stream-integrity.node.test.mjs
  ---
  duration_ms: 474.190935
  type: 'test'
  location: '/mnt/data/BrainVault_work/tests/backup-stream-integrity.node.test.mjs:1:1'
  failureType: 'testCodeFailure'
  exitCode: 1
  signal: ~
  error: 'test failed'
  code: 'ERR_TEST_FAILURE'
  ...
# Subtest: backup v5 closes current-format optional-section completeness gaps
ok 110 - backup v5 closes current-format optional-section completeness gaps
  ---
  duration_ms: 9.104515
  type: 'test'
  ...
# Subtest: backup v5 round-trips mutable collection-share and navigation-order timestamps
ok 111 - backup v5 round-trips mutable collection-share and navigation-order timestamps
  ---
  duration_ms: 4.815957
  type: 'test'
  ...
# Subtest: portable restore keeps anti-impersonation identity hardening explicit
ok 112 - portable restore keeps anti-impersonation identity hardening explicit
  ---
  duration_ms: 4.859572
  type: 'test'
  ...
# Subtest: backup v5 preserves page version history and owned-page navigation state
ok 113 - backup v5 preserves page version history and owned-page navigation state
  ---
  duration_ms: 8.079618
  type: 'test'
  ...
# Subtest: standalone reproduction proves both pre-fix loss and corrected round trip
ok 114 - standalone reproduction proves both pre-fix loss and corrected round trip
  ---
  duration_ms: 66.966515
  type: 'test'
  ...
# node:internal/modules/esm/get_format:219
#   throw new ERR_UNKNOWN_FILE_EXTENSION(ext, filepath);
#         ^
# TypeError [ERR_UNKNOWN_FILE_EXTENSION]: Unknown file extension ".ts" for /mnt/data/BrainVault_work/src/lib/password-policy.ts
#     at Object.getFileProtocolModuleFormat [as file:] (node:internal/modules/esm/get_format:219:9)
#     at defaultGetFormat (node:internal/modules/esm/get_format:245:36)
#     at defaultLoad (node:internal/modules/esm/load:120:22)
#     at async ModuleLoader.loadAndTranslate (node:internal/modules/esm/loader:580:32) {
#   code: 'ERR_UNKNOWN_FILE_EXTENSION'
# }
# Node.js v22.16.0
# Subtest: tests/bcrypt-password-boundary.node.test.mjs
not ok 31 - tests/bcrypt-password-boundary.node.test.mjs
  ---
  duration_ms: 47.865879
  type: 'test'
  location: '/mnt/data/BrainVault_work/tests/bcrypt-password-boundary.node.test.mjs:1:1'
  failureType: 'testCodeFailure'
  exitCode: 1
  signal: ~
  error: 'test failed'
  code: 'ERR_TEST_FAILURE'
  ...
# Subtest: page content-version writes remain owner-scoped at the final SQL sink
ok 116 - page content-version writes remain owner-scoped at the final SQL sink
  ---
  duration_ms: 1.383158
  type: 'test'
  ...
# Subtest: block mutation call sites pass the locked page owner instead of the actor id
ok 117 - block mutation call sites pass the locked page owner instead of the actor id
  ---
  duration_ms: 0.509498
  type: 'test'
  ...
# node:internal/modules/esm/get_format:219
#   throw new ERR_UNKNOWN_FILE_EXTENSION(ext, filepath);
#         ^
# TypeError [ERR_UNKNOWN_FILE_EXTENSION]: Unknown file extension ".ts" for /mnt/data/BrainVault_work/src/lib/block-create-mutation.ts
#     at Object.getFileProtocolModuleFormat [as file:] (node:internal/modules/esm/get_format:219:9)
#     at defaultGetFormat (node:internal/modules/esm/get_format:245:36)
#     at defaultLoad (node:internal/modules/esm/load:120:22)
#     at async ModuleLoader.loadAndTranslate (node:internal/modules/esm/loader:580:32) {
#   code: 'ERR_UNKNOWN_FILE_EXTENSION'
# }
# Node.js v22.16.0
# Subtest: tests/block-create-idempotency.node.test.mjs
not ok 33 - tests/block-create-idempotency.node.test.mjs
  ---
  duration_ms: 38.073295
  type: 'test'
  location: '/mnt/data/BrainVault_work/tests/block-create-idempotency.node.test.mjs:1:1'
  failureType: 'testCodeFailure'
  exitCode: 1
  signal: ~
  error: 'test failed'
  code: 'ERR_TEST_FAILURE'
  ...
# Subtest: block create rechecks navigation after asynchronous API header preparation and before fetch
ok 119 - block create rechecks navigation after asynchronous API header preparation and before fetch
  ---
  duration_ms: 4.255741
  type: 'test'
  ...
# Subtest: an ambiguous attempted block create keeps its mutation id but does not retry after navigation
ok 120 - an ambiguous attempted block create keeps its mutation id but does not retry after navigation
  ---
  duration_ms: 1.13959
  type: 'test'
  ...
# Subtest: createEmptyBlock binds block creation to the initiating page and navigation generation
ok 121 - createEmptyBlock binds block creation to the initiating page and navigation generation
  ---
  duration_ms: 0.418054
  type: 'test'
  ...
# Subtest: collaborative block creation rechecks navigation inside the queued Yjs commit
ok 122 - collaborative block creation rechecks navigation inside the queued Yjs commit
  ---
  duration_ms: 2.059166
  type: 'test'
  ...
# Subtest: reproduction: a successful create can be stranded when its stale follow-up reorder is rejected
ok 123 - reproduction: a successful create can be stranded when its stale follow-up reorder is rejected
  ---
  duration_ms: 1.548532
  type: 'test'
  ...
# Subtest: fixed client reconciles the one durable create instead of retrying it as a failed operation
ok 124 - fixed client reconciles the one durable create instead of retrying it as a failed operation
  ---
  duration_ms: 0.135944
  type: 'test'
  ...
# Subtest: reproduction: a committed create followed by a failed refresh can be duplicated by an apparent retry
ok 125 - reproduction: a committed create followed by a failed refresh can be duplicated by an apparent retry
  ---
  duration_ms: 0.170696
  type: 'test'
  ...
# Subtest: fixed client keeps a committed create visible when a non-auth refresh fails
ok 126 - fixed client keeps a committed create visible when a non-auth refresh fails
  ---
  duration_ms: 2.078341
  type: 'test'
  ...
# Subtest: local committed-create fallback preserves successful order and replacement semantics
ok 127 - local committed-create fallback preserves successful order and replacement semantics
  ---
  duration_ms: 0.725736
  type: 'test'
  ...
# Subtest: committed-create fallback preserves an unsaved live editor when refresh flushing fails
ok 128 - committed-create fallback preserves an unsaved live editor when refresh flushing fails
  ---
  duration_ms: 2.446345
  type: 'test'
  ...
# Subtest: committed-create fallback still renders immediately when no editor work is pending
ok 129 - committed-create fallback still renders immediately when no editor work is pending
  ---
  duration_ms: 0.583649
  type: 'test'
  ...
# Subtest: ordinary creates and attachment uploads reconcile stale post-create ordering without weakening the server fence
ok 130 - ordinary creates and attachment uploads reconcile stale post-create ordering without weakening the server fence
  ---
  duration_ms: 1.069973
  type: 'test'
  ...
# Subtest: definitively rejected block-order drafts are removed from crash-recovery storage
ok 131 - definitively rejected block-order drafts are removed from crash-recovery storage
  ---
  duration_ms: 1.428096
  type: 'test'
  ...
# Subtest: block-create receipts bind actor and destination-owner restore generations
ok 132 - block-create receipts bind actor and destination-owner restore generations
  ---
  duration_ms: 3.353432
  type: 'test'
  ...
# Subtest: restore-replay model rejects stale receipts while preserving same-generation retries
ok 133 - restore-replay model rejects stale receipts while preserving same-generation retries
  ---
  duration_ms: 58.850953
  type: 'test'
  ...
# Subtest: ordinary block creation fences workspace restore and access-grant generations
ok 134 - ordinary block creation fences workspace restore and access-grant generations
  ---
  duration_ms: 2.819033
  type: 'test'
  ...
# Subtest: race reproduction rejects a pre-restore block create after generation advances
ok 135 - race reproduction rejects a pre-restore block create after generation advances
  ---
  duration_ms: 57.912121
  type: 'test'
  ...
# Subtest: block delete response application stays fenced to the initiating authentication generation
ok 136 - block delete response application stays fenced to the initiating authentication generation
  ---
  duration_ms: 23.433858
  type: 'test'
  ...
# Subtest: 204 no-content is accepted only while the initiating authentication scope is current
ok 137 - 204 no-content is accepted only while the initiating authentication scope is current
  ---
  duration_ms: 0.201682
  type: 'test'
  ...
# Subtest: post-delete reconciliation remains bound to the initiating authentication generation
ok 138 - post-delete reconciliation remains bound to the initiating authentication generation
  ---
  duration_ms: 85.966695
  type: 'test'
  ...
# Subtest: block deletion is page-scoped and fails closed before recording success
ok 139 - block deletion is page-scoped and fails closed before recording success
  ---
  duration_ms: 0.947316
  type: 'test'
  ...
# Subtest: the final delete sink does not retain the old id-only destructive statement
ok 140 - the final delete sink does not retain the old id-only destructive statement
  ---
  duration_ms: 0.218801
  type: 'test'
  ...
# Subtest: authorized block write sinks stay scoped to the locked page
ok 141 - authorized block write sinks stay scoped to the locked page
  ---
  duration_ms: 0.236535
  type: 'test'
  ...
# node:internal/modules/esm/get_format:219
#   throw new ERR_UNKNOWN_FILE_EXTENSION(ext, filepath);
#         ^
# TypeError [ERR_UNKNOWN_FILE_EXTENSION]: Unknown file extension ".ts" for /mnt/data/BrainVault_work/src/lib/block-delete-mutation.ts
#     at Object.getFileProtocolModuleFormat [as file:] (node:internal/modules/esm/get_format:219:9)
#     at defaultGetFormat (node:internal/modules/esm/get_format:245:36)
#     at defaultLoad (node:internal/modules/esm/load:120:22)
#     at async ModuleLoader.loadAndTranslate (node:internal/modules/esm/loader:580:32) {
#   code: 'ERR_UNKNOWN_FILE_EXTENSION'
# }
# Node.js v22.16.0
# Subtest: tests/block-delete-idempotency.node.test.mjs
not ok 40 - tests/block-delete-idempotency.node.test.mjs
  ---
  duration_ms: 221.197637
  type: 'test'
  location: '/mnt/data/BrainVault_work/tests/block-delete-idempotency.node.test.mjs:1:1'
  failureType: 'testCodeFailure'
  exitCode: 1
  signal: ~
  error: 'test failed'
  code: 'ERR_TEST_FAILURE'
  ...
# Subtest: block delete reconciliation is fenced to the initiating page and navigation
ok 143 - block delete reconciliation is fenced to the initiating page and navigation
  ---
  duration_ms: 15.769234
  type: 'test'
  ...
# Subtest: openPage exposes its request generation for fenced follow-up reconciliation
ok 144 - openPage exposes its request generation for fenced follow-up reconciliation
  ---
  duration_ms: 30.255034
  type: 'test'
  ...
# Subtest: standalone reproduction proves navigation during delete cannot create a starter on another page
ok 145 - standalone reproduction proves navigation during delete cannot create a starter on another page
  ---
  duration_ms: 122.840078
  type: 'test'
  ...
# Subtest: block delete cleans only the exact recovery records captured before dispatch
ok 146 - block delete cleans only the exact recovery records captured before dispatch
  ---
  duration_ms: 16.873758
  type: 'test'
  ...
# Subtest: standalone reproduction preserves a newer same-source block draft and order
ok 147 - standalone reproduction preserves a newer same-source block draft and order
  ---
  duration_ms: 58.866277
  type: 'test'
  ...
# Subtest: block-delete receipt replay stays bound to the original page owner before cleanup
ok 148 - block-delete receipt replay stays bound to the original page owner before cleanup
  ---
  duration_ms: 1.458316
  type: 'test'
  ...
# Subtest: defense-in-depth model: cross-owner receipt replay cannot authorize old attachment cleanup
ok 149 - defense-in-depth model: cross-owner receipt replay cannot authorize old attachment cleanup
  ---
  duration_ms: 0.818171
  type: 'test'
  ...
# Subtest: block-delete retry cache keys bind the destructive snapshot scope
ok 150 - block-delete retry cache keys bind the destructive snapshot scope
  ---
  duration_ms: 3.358578
  type: 'test'
  ...
# Subtest: root-only cleanup cannot reuse an ambiguous subtree-delete snapshot
ok 151 - root-only cleanup cannot reuse an ambiguous subtree-delete snapshot
  ---
  duration_ms: 0.957506
  type: 'test'
  ...
# Subtest: deleting the last direct-edit block recreates a focused starter while write mode is active
ok 152 - deleting the last direct-edit block recreates a focused starter while write mode is active
  ---
  duration_ms: 6.466911
  type: 'test'
  ...
# Subtest: deleting a non-final block keeps the remaining editor and does not create another block
ok 153 - deleting a non-final block keeps the remaining editor and does not create another block
  ---
  duration_ms: 1.886446
  type: 'test'
  ...
# Subtest: an empty page in read mode stays empty after deletion refresh
ok 154 - an empty page in read mode stays empty after deletion refresh
  ---
  duration_ms: 1.668162
  type: 'test'
  ...
# Subtest: collaborative last-block deletion restores the starter without a page reload
ok 155 - collaborative last-block deletion restores the starter without a page reload
  ---
  duration_ms: 3.500607
  type: 'test'
  ...
# Subtest: auth rotation during deletion refresh cannot create a starter block under the replacement session
ok 156 - auth rotation during deletion refresh cannot create a starter block under the replacement session
  ---
  duration_ms: 2.330112
  type: 'test'
  ...
# Subtest: both keyboard-empty and context-menu deletion paths share the recovery helper
ok 157 - both keyboard-empty and context-menu deletion paths share the recovery helper
  ---
  duration_ms: 1.661135
  type: 'test'
  ...
# Subtest: block patch resolves exact idempotent replay before the current shared-page direct-write gate
ok 158 - block patch resolves exact idempotent replay before the current shared-page direct-write gate
  ---
  duration_ms: 8.483816
  type: 'test'
  ...
# Subtest: block reorder resolves its owner-scoped receipt before the current shared-page direct-write gate
ok 159 - block reorder resolves its owner-scoped receipt before the current shared-page direct-write gate
  ---
  duration_ms: 6.382934
  type: 'test'
  ...
# Subtest: reproduction: sharing after a committed response-loss mutation no longer breaks exact replay
ok 160 - reproduction: sharing after a committed response-loss mutation no longer breaks exact replay
  ---
  duration_ms: 58.425783
  type: 'test'
  ...
# Subtest: locking page access can refresh every mutable authorization/scope dependency
ok 161 - locking page access can refresh every mutable authorization/scope dependency
  ---
  duration_ms: 1.29428
  type: 'test'
  ...
# Subtest: direct block update, delete, and reorder refresh authorization after taking the current page lock
ok 162 - direct block update, delete, and reorder refresh authorization after taking the current page lock
  ---
  duration_ms: 0.962871
  type: 'test'
  ...
# Subtest: cross-page block move locks all page rows before current grant rows
ok 163 - cross-page block move locks all page rows before current grant rows
  ---
  duration_ms: 1.542362
  type: 'test'
  ...
# Subtest: reproduction model: stale share mode can admit a direct write, while current locking access rejects it
ok 164 - reproduction model: stale share mode can admit a direct write, while current locking access rejects it
  ---
  duration_ms: 0.208824
  type: 'test'
  ...
# Subtest: block create/update relationship ids share the canonical route-id boundary
ok 165 - block create/update relationship ids share the canonical route-id boundary
  ---
  duration_ms: 0.99257
  type: 'test'
  ...
# Subtest: multipart attachment parent ids reject non-string and non-canonical identifiers
ok 166 - multipart attachment parent ids reject non-string and non-canonical identifiers
  ---
  duration_ms: 0.160507
  type: 'test'
  ...
# Subtest: confirmed tail insertion needs no reorder or page reload and does not mutate inputs
ok 167 - confirmed tail insertion needs no reorder or page reload and does not mutate inputs
  ---
  duration_ms: 3.329288
  type: 'test'
  ...
# Subtest: confirmed middle insertion uses the newest block version from the full reorder response
ok 168 - confirmed middle insertion uses the newest block version from the full reorder response
  ---
  duration_ms: 0.336362
  type: 'test'
  ...
# Subtest: empty page insertion preserves complete structured metadata and sanitized renderer fields
ok 169 - empty page insertion preserves complete structured metadata and sanitized renderer fields
  ---
  duration_ms: 0.313118
  type: 'test'
  ...
# Subtest: nested tail insertion preserves all children and unrelated root blocks
ok 170 - nested tail insertion preserves all children and unrelated root blocks
  ---
  duration_ms: 0.635351
  type: 'test'
  ...
# Subtest: sparse but unambiguous canonical sort positions are retained, not silently renumbered
ok 171 - sparse but unambiguous canonical sort positions are retained, not silently renumbered
  ---
  duration_ms: 0.236837
  type: 'test'
  ...
# Subtest: fallback instead of unsafe fast path: unknown authority
ok 172 - fallback instead of unsafe fast path: unknown authority
  ---
  duration_ms: 1.206593
  type: 'test'
  ...
# Subtest: fallback instead of unsafe fast path: explicitly stale create authority
ok 173 - fallback instead of unsafe fast path: explicitly stale create authority
  ---
  duration_ms: 0.238084
  type: 'test'
  ...
# Subtest: fallback instead of unsafe fast path: string authority is not true
ok 174 - fallback instead of unsafe fast path: string authority is not true
  ---
  duration_ms: 2.085947
  type: 'test'
  ...
# Subtest: fallback instead of unsafe fast path: missing timestamp from older server
ok 175 - fallback instead of unsafe fast path: missing timestamp from older server
  ---
  duration_ms: 0.382915
  type: 'test'
  ...
# Subtest: fallback instead of unsafe fast path: invalid timestamp
ok 176 - fallback instead of unsafe fast path: invalid timestamp
  ---
  duration_ms: 0.71695
  type: 'test'
  ...
# Subtest: fallback instead of unsafe fast path: missing create generation
ok 177 - fallback instead of unsafe fast path: missing create generation
  ---
  duration_ms: 0.163054
  type: 'test'
  ...
# Subtest: fallback instead of unsafe fast path: intervening content generation
ok 178 - fallback instead of unsafe fast path: intervening content generation
  ---
  duration_ms: 0.076638
  type: 'test'
  ...
# Subtest: fallback instead of unsafe fast path: unsafe content version
ok 179 - fallback instead of unsafe fast path: unsafe content version
  ---
  duration_ms: 0.069605
  type: 'test'
  ...
# Subtest: fallback instead of unsafe fast path: string generation
ok 180 - fallback instead of unsafe fast path: string generation
  ---
  duration_ms: 0.105812
  type: 'test'
  ...
# Subtest: fallback instead of unsafe fast path: wrong page
ok 181 - fallback instead of unsafe fast path: wrong page
  ---
  duration_ms: 0.072366
  type: 'test'
  ...
# Subtest: fallback instead of unsafe fast path: unknown parent
ok 182 - fallback instead of unsafe fast path: unknown parent
  ---
  duration_ms: 0.055517
  type: 'test'
  ...
# Subtest: fallback instead of unsafe fast path: unexpected parent
ok 183 - fallback instead of unsafe fast path: unexpected parent
  ---
  duration_ms: 0.053989
  type: 'test'
  ...
# Subtest: fallback instead of unsafe fast path: duplicate created ID
ok 184 - fallback instead of unsafe fast path: duplicate created ID
  ---
  duration_ms: 0.047568
  type: 'test'
  ...
# Subtest: fallback instead of unsafe fast path: duplicate old ID
ok 185 - fallback instead of unsafe fast path: duplicate old ID
  ---
  duration_ms: 0.049269
  type: 'test'
  ...
# Subtest: fallback instead of unsafe fast path: duplicate requested ID
ok 186 - fallback instead of unsafe fast path: duplicate requested ID
  ---
  duration_ms: 0.053161
  type: 'test'
  ...
# Subtest: fallback instead of unsafe fast path: missing requested sibling
ok 187 - fallback instead of unsafe fast path: missing requested sibling
  ---
  duration_ms: 0.178914
  type: 'test'
  ...
# Subtest: fallback instead of unsafe fast path: unknown requested sibling
ok 188 - fallback instead of unsafe fast path: unknown requested sibling
  ---
  duration_ms: 0.060587
  type: 'test'
  ...
# Subtest: fallback instead of unsafe fast path: locally added block
ok 189 - fallback instead of unsafe fast path: locally added block
  ---
  duration_ms: 0.054089
  type: 'test'
  ...
# Subtest: fallback instead of unsafe fast path: locally removed block
ok 190 - fallback instead of unsafe fast path: locally removed block
  ---
  duration_ms: 0.057175
  type: 'test'
  ...
# Subtest: fallback instead of unsafe fast path: locally changed version
ok 191 - fallback instead of unsafe fast path: locally changed version
  ---
  duration_ms: 0.055732
  type: 'test'
  ...
# Subtest: fallback instead of unsafe fast path: locally changed order
ok 192 - fallback instead of unsafe fast path: locally changed order
  ---
  duration_ms: 0.080824
  type: 'test'
  ...
# Subtest: fallback instead of unsafe fast path: locally changed hierarchy
ok 193 - fallback instead of unsafe fast path: locally changed hierarchy
  ---
  duration_ms: 0.056797
  type: 'test'
  ...
# Subtest: fallback instead of unsafe fast path: middle insert still needs reorder
ok 194 - fallback instead of unsafe fast path: middle insert still needs reorder
  ---
  duration_ms: 0.067259
  type: 'test'
  ...
# Subtest: fallback instead of unsafe fast path: ambiguous duplicate sort positions
ok 195 - fallback instead of unsafe fast path: ambiguous duplicate sort positions
  ---
  duration_ms: 10.518691
  type: 'test'
  ...
# Subtest: fallback instead of unsafe fast path: negative sort position
ok 196 - fallback instead of unsafe fast path: negative sort position
  ---
  duration_ms: 0.177886
  type: 'test'
  ...
# Subtest: fallback instead of unsafe fast path: unsafe block version
ok 197 - fallback instead of unsafe fast path: unsafe block version
  ---
  duration_ms: 0.140507
  type: 'test'
  ...
# Subtest: fallback instead of unsafe fast path: cyclic hierarchy
ok 198 - fallback instead of unsafe fast path: cyclic hierarchy
  ---
  duration_ms: 0.116136
  type: 'test'
  ...
# Subtest: fallback instead of unsafe fast path: orphan hierarchy
ok 199 - fallback instead of unsafe fast path: orphan hierarchy
  ---
  duration_ms: 0.083575
  type: 'test'
  ...
# Subtest: reorder fallback: missing canonical block
ok 200 - reorder fallback: missing canonical block
  ---
  duration_ms: 0.082384
  type: 'test'
  ...
# Subtest: reorder fallback: extra canonical block
ok 201 - reorder fallback: extra canonical block
  ---
  duration_ms: 0.05464
  type: 'test'
  ...
# Subtest: reorder fallback: missing canonical collection
ok 202 - reorder fallback: missing canonical collection
  ---
  duration_ms: 0.049914
  type: 'test'
  ...
# Subtest: reorder fallback: wrong canonical page
ok 203 - reorder fallback: wrong canonical page
  ---
  duration_ms: 0.765205
  type: 'test'
  ...
# Subtest: reorder fallback: stale canonical block version
ok 204 - reorder fallback: stale canonical block version
  ---
  duration_ms: 0.080597
  type: 'test'
  ...
# Subtest: reorder fallback: later replayed canonical state
ok 205 - reorder fallback: later replayed canonical state
  ---
  duration_ms: 0.051092
  type: 'test'
  ...
# Subtest: reorder fallback: unexpected canonical version gap
ok 206 - reorder fallback: unexpected canonical version gap
  ---
  duration_ms: 0.048188
  type: 'test'
  ...
# Subtest: reorder fallback: wrong committed order
ok 207 - reorder fallback: wrong committed order
  ---
  duration_ms: 0.543482
  type: 'test'
  ...
# Subtest: reorder fallback: changed canonical hierarchy
ok 208 - reorder fallback: changed canonical hierarchy
  ---
  duration_ms: 0.119718
  type: 'test'
  ...
# Subtest: very deep hierarchy is rejected rather than silently truncated
ok 209 - very deep hierarchy is rejected rather than silently truncated
  ---
  duration_ms: 0.58652
  type: 'test'
  ...
# Subtest: missing or malformed arguments conservatively fail closed
ok 210 - missing or malformed arguments conservatively fail closed
  ---
  duration_ms: 0.405019
  type: 'test'
  ...
# (node:12515) ExperimentalWarning: stripTypeScriptTypes is an experimental feature and might change at any time
# (Use `node --trace-warnings ...` to show where the warning was created)
# Subtest: timestamp observer reuses the existing owner-scoped transaction read without extra SQL
ok 211 - timestamp observer reuses the existing owner-scoped transaction read without extra SQL
  ---
  duration_ms: 2.537052
  type: 'test'
  ...
# Subtest: legacy three-argument mutation callers keep the same numeric return contract
ok 212 - legacy three-argument mutation callers keep the same numeric return contract
  ---
  duration_ms: 2.791607
  type: 'test'
  ...
# Subtest: observer cannot bypass wrong/missing owner page
ok 213 - observer cannot bypass wrong/missing owner page
  ---
  duration_ms: 1.172728
  type: 'test'
  ...
# Subtest: observer cannot bypass safe-integer content-version exhaustion
ok 214 - observer cannot bypass safe-integer content-version exhaustion
  ---
  duration_ms: 0.73054
  type: 'test'
  ...
# Subtest: failed committed-page read cannot expose unverified metadata
ok 215 - failed committed-page read cannot expose unverified metadata
  ---
  duration_ms: 3.190469
  type: 'test'
  ...
# Subtest: both create and reorder responses carry transaction-confirmed timestamps, including replays
ok 216 - both create and reorder responses carry transaction-confirmed timestamps, including replays
  ---
  duration_ms: 0.644249
  type: 'test'
  ...
# Subtest: confirmed tail and middle insertions update page timestamp through the normal summary UI helper
ok 217 - confirmed tail and middle insertions update page timestamp through the normal summary UI helper
  ---
  duration_ms: 211.969666
  type: 'test'
  ...
# node:internal/modules/esm/get_format:219
#   throw new ERR_UNKNOWN_FILE_EXTENSION(ext, filepath);
#         ^
# TypeError [ERR_UNKNOWN_FILE_EXTENSION]: Unknown file extension ".ts" for /mnt/data/BrainVault_work/src/lib/block-move-integrity.ts
#     at Object.getFileProtocolModuleFormat [as file:] (node:internal/modules/esm/get_format:219:9)
#     at defaultGetFormat (node:internal/modules/esm/get_format:245:36)
#     at defaultLoad (node:internal/modules/esm/load:120:22)
#     at async ModuleLoader.loadAndTranslate (node:internal/modules/esm/loader:580:32) {
#   code: 'ERR_UNKNOWN_FILE_EXTENSION'
# }
# Node.js v22.16.0
# Subtest: tests/block-move-lossless.node.test.mjs
not ok 51 - tests/block-move-lossless.node.test.mjs
  ---
  duration_ms: 69.762383
  type: 'test'
  location: '/mnt/data/BrainVault_work/tests/block-move-lossless.node.test.mjs:1:1'
  failureType: 'testCodeFailure'
  exitCode: 1
  signal: ~
  error: 'test failed'
  code: 'ERR_TEST_FAILURE'
  ...
# Subtest: block move stays bound to the initiating navigation through transition and request preflight waits
ok 219 - block move stays bound to the initiating navigation through transition and request preflight waits
  ---
  duration_ms: 32.042973
  type: 'test'
  ...
# Subtest: block move cleanup stays scoped to the source page and exact pre-dispatch recovery versions
ok 220 - block move cleanup stays scoped to the source page and exact pre-dispatch recovery versions
  ---
  duration_ms: 14.969988
  type: 'test'
  ...
# Subtest: standalone reproduction covers stale pre-submit moves and post-submit wrong-scope cleanup
ok 221 - standalone reproduction covers stale pre-submit moves and post-submit wrong-scope cleanup
  ---
  duration_ms: 77.71269
  type: 'test'
  ...
# Subtest: block move detaches only rows still owned by the locked source page
ok 222 - block move detaches only rows still owned by the locked source page
  ---
  duration_ms: 1.572207
  type: 'test'
  ...
# Subtest: block move keeps the actual page transfer source-page scoped
ok 223 - block move keeps the actual page transfer source-page scoped
  ---
  duration_ms: 0.294056
  type: 'test'
  ...
# Subtest: block move receipt replay rejects superseded source or destination page generations
ok 224 - block move receipt replay rejects superseded source or destination page generations
  ---
  duration_ms: 0.440084
  type: 'test'
  ...
# Subtest: block move cleans only source recovery drafts captured before request dispatch
ok 225 - block move cleans only source recovery drafts captured before request dispatch
  ---
  duration_ms: 23.150734
  type: 'test'
  ...
# Subtest: standalone reproduction preserves a newer same-source recovery draft after block move
ok 226 - standalone reproduction preserves a newer same-source recovery draft after block move
  ---
  duration_ms: 55.579735
  type: 'test'
  ...
# Subtest: block-order completion cannot acknowledge recovery after credential rotation
ok 227 - block-order completion cannot acknowledge recovery after credential rotation
  ---
  duration_ms: 17.385663
  type: 'test'
  ...
# Subtest: auth-rotation ambiguity requires preserving the reorder recovery record
ok 228 - auth-rotation ambiguity requires preserving the reorder recovery record
  ---
  duration_ms: 0.227304
  type: 'test'
  ...
# node:internal/modules/esm/get_format:219
#   throw new ERR_UNKNOWN_FILE_EXTENSION(ext, filepath);
#         ^
# TypeError [ERR_UNKNOWN_FILE_EXTENSION]: Unknown file extension ".ts" for /mnt/data/BrainVault_work/src/lib/block-order-integrity.ts
#     at Object.getFileProtocolModuleFormat [as file:] (node:internal/modules/esm/get_format:219:9)
#     at defaultGetFormat (node:internal/modules/esm/get_format:245:36)
#     at defaultLoad (node:internal/modules/esm/load:120:22)
#     at async ModuleLoader.loadAndTranslate (node:internal/modules/esm/loader:580:32) {
#   code: 'ERR_UNKNOWN_FILE_EXTENSION'
# }
# Node.js v22.16.0
# Subtest: tests/block-order-integrity.node.test.mjs
not ok 56 - tests/block-order-integrity.node.test.mjs
  ---
  duration_ms: 44.822783
  type: 'test'
  location: '/mnt/data/BrainVault_work/tests/block-order-integrity.node.test.mjs:1:1'
  failureType: 'testCodeFailure'
  exitCode: 1
  signal: ~
  error: 'test failed'
  code: 'ERR_TEST_FAILURE'
  ...
# Subtest: block-order replay does not dispatch after navigation changes during recovery durability
ok 230 - block-order replay does not dispatch after navigation changes during recovery durability
  ---
  duration_ms: 4.000187
  type: 'test'
  ...
# Subtest: block-order request rechecks navigation after async API preparation and immediately before fetch
ok 231 - block-order request rechecks navigation after async API preparation and immediately before fetch
  ---
  duration_ms: 1.500339
  type: 'test'
  ...
# Subtest: block-order callers preserve durable recovery when a stale dispatch is skipped
ok 232 - block-order callers preserve durable recovery when a stale dispatch is skipped
  ---
  duration_ms: 0.885036
  type: 'test'
  ...
# Subtest: block drag keeps the navigation generation captured before the page-edit flush
ok 233 - block drag keeps the navigation generation captured before the page-edit flush
  ---
  duration_ms: 1.926592
  type: 'test'
  ...
# Subtest: collaborative block reorder rechecks navigation immediately before the queued Yjs commit
ok 234 - collaborative block reorder rechecks navigation immediately before the queued Yjs commit
  ---
  duration_ms: 1.912918
  type: 'test'
  ...
# Subtest: collaboration upsertBlocks forwards caller mutation fences to commitLocalMutation
ok 235 - collaboration upsertBlocks forwards caller mutation fences to commitLocalMutation
  ---
  duration_ms: 0.438852
  type: 'test'
  ...
# node:internal/modules/esm/get_format:219
#   throw new ERR_UNKNOWN_FILE_EXTENSION(ext, filepath);
#         ^
# TypeError [ERR_UNKNOWN_FILE_EXTENSION]: Unknown file extension ".ts" for /mnt/data/BrainVault_work/src/lib/block-preserve-children.ts
#     at Object.getFileProtocolModuleFormat [as file:] (node:internal/modules/esm/get_format:219:9)
#     at defaultGetFormat (node:internal/modules/esm/get_format:245:36)
#     at defaultLoad (node:internal/modules/esm/load:120:22)
#     at async ModuleLoader.loadAndTranslate (node:internal/modules/esm/loader:580:32) {
#   code: 'ERR_UNKNOWN_FILE_EXTENSION'
# }
# Node.js v22.16.0
# Subtest: tests/block-preserve-children-delete.node.test.mjs
not ok 58 - tests/block-preserve-children-delete.node.test.mjs
  ---
  duration_ms: 71.952986
  type: 'test'
  location: '/mnt/data/BrainVault_work/tests/block-preserve-children-delete.node.test.mjs:1:1'
  failureType: 'testCodeFailure'
  exitCode: 1
  signal: ~
  error: 'test failed'
  code: 'ERR_TEST_FAILURE'
  ...
# Subtest: direct block saves fence the pre-queue durability admission window
ok 237 - direct block saves fence the pre-queue durability admission window
  ---
  duration_ms: 2.650372
  type: 'test'
  ...
# Subtest: direct block save tasks stay bound to the initiating page
ok 238 - direct block save tasks stay bound to the initiating page
  ---
  duration_ms: 0.770622
  type: 'test'
  ...
# Subtest: flush-owned saves remain admissible while the page-edit lock is held
ok 239 - flush-owned saves remain admissible while the page-edit lock is held
  ---
  duration_ms: 0.561723
  type: 'test'
  ...
# Subtest: reproduction: concurrent sparse creates can strand duplicate sibling positions
ok 240 - reproduction: concurrent sparse creates can strand duplicate sibling positions
  ---
  duration_ms: 1.821318
  type: 'test'
  ...
# Subtest: block and attachment creates use collision-free canonical placement
ok 241 - block and attachment creates use collision-free canonical placement
  ---
  duration_ms: 0.597246
  type: 'test'
  ...
# Subtest: sparse hierarchy PATCH writes are fenced by page generation and sibling occupancy
ok 242 - sparse hierarchy PATCH writes are fenced by page generation and sibling occupancy
  ---
  duration_ms: 0.27169
  type: 'test'
  ...
# Subtest: reproduction: a type-only BOOKMARK conversion replaced existing note text with an implicit default
ok 243 - reproduction: a type-only BOOKMARK conversion replaced existing note text with an implicit default
  ---
  duration_ms: 0.996301
  type: 'test'
  ...
# Subtest: reproduction: nested empty or partial metadata also normalized into destructive defaults
ok 244 - reproduction: nested empty or partial metadata also normalized into destructive defaults
  ---
  duration_ms: 0.831445
  type: 'test'
  ...
# Subtest: reproduction: structured creation accepted a partial model and replaced submitted markdown
ok 245 - reproduction: structured creation accepted a partial model and replaced submitted markdown
  ---
  duration_ms: 0.15023
  type: 'test'
  ...
# Subtest: the create route resolves exact replays before requiring canonical structured metadata
ok 246 - the create route resolves exact replays before requiring canonical structured metadata
  ---
  duration_ms: 0.98486
  type: 'test'
  ...
# Subtest: the server rejects under-specified structured writes before content preparation
ok 247 - the server rejects under-specified structured writes before content preparation
  ---
  duration_ms: 0.572099
  type: 'test'
  ...
# Subtest: the server guard covers the same metadata-backed types as the browser preservation policy
ok 248 - the server guard covers the same metadata-backed types as the browser preservation policy
  ---
  duration_ms: 2.111648
  type: 'test'
  ...
# Subtest: omitted metadata, text conversions, and complete canonical structured writes remain valid
ok 249 - omitted metadata, text conversions, and complete canonical structured writes remain valid
  ---
  duration_ms: 0.325831
  type: 'test'
  ...
# Subtest: policy-blocked bookmark fallbacks are structurally unverified and media-free
ok 250 - policy-blocked bookmark fallbacks are structurally unverified and media-free
  ---
  duration_ms: 1.394908
  type: 'test'
  ...
# Subtest: browser normalization cannot recreate remote media for an unverified fallback
ok 251 - browser normalization cannot recreate remote media for an unverified fallback
  ---
  duration_ms: 2.594637
  type: 'test'
  ...
# node:internal/modules/esm/get_format:219
#   throw new ERR_UNKNOWN_FILE_EXTENSION(ext, filepath);
#         ^
# TypeError [ERR_UNKNOWN_FILE_EXTENSION]: Unknown file extension ".ts" for /mnt/data/BrainVault_work/src/lib/bookmark-host-policy.ts
#     at Object.getFileProtocolModuleFormat [as file:] (node:internal/modules/esm/get_format:219:9)
#     at defaultGetFormat (node:internal/modules/esm/get_format:245:36)
#     at defaultLoad (node:internal/modules/esm/load:120:22)
#     at async ModuleLoader.loadAndTranslate (node:internal/modules/esm/loader:580:32) {
#   code: 'ERR_UNKNOWN_FILE_EXTENSION'
# }
# Node.js v22.16.0
# Subtest: tests/bookmark-public-web-policy.node.test.mjs
not ok 63 - tests/bookmark-public-web-policy.node.test.mjs
  ---
  duration_ms: 71.297436
  type: 'test'
  location: '/mnt/data/BrainVault_work/tests/bookmark-public-web-policy.node.test.mjs:1:1'
  failureType: 'testCodeFailure'
  exitCode: 1
  signal: ~
  error: 'test failed'
  code: 'ERR_TEST_FAILURE'
  ...
# node:internal/modules/esm/get_format:219
#   throw new ERR_UNKNOWN_FILE_EXTENSION(ext, filepath);
#         ^
# TypeError [ERR_UNKNOWN_FILE_EXTENSION]: Unknown file extension ".ts" for /mnt/data/BrainVault_work/src/lib/reddit-bookmark.ts
#     at Object.getFileProtocolModuleFormat [as file:] (node:internal/modules/esm/get_format:219:9)
#     at defaultGetFormat (node:internal/modules/esm/get_format:245:36)
#     at defaultLoad (node:internal/modules/esm/load:120:22)
#     at async ModuleLoader.loadAndTranslate (node:internal/modules/esm/loader:580:32) {
#   code: 'ERR_UNKNOWN_FILE_EXTENSION'
# }
# Node.js v22.16.0
# Subtest: tests/bookmark-reddit-fallback.node.test.mjs
not ok 64 - tests/bookmark-reddit-fallback.node.test.mjs
  ---
  duration_ms: 51.902451
  type: 'test'
  location: '/mnt/data/BrainVault_work/tests/bookmark-reddit-fallback.node.test.mjs:1:1'
  failureType: 'testCodeFailure'
  exitCode: 1
  signal: ~
  error: 'test failed'
  code: 'ERR_TEST_FAILURE'
  ...
# Subtest: the previous immutable policy can retain an old module after deployment
ok 254 - the previous immutable policy can retain an old module after deployment
  ---
  duration_ms: 1.175733
  type: 'test'
  ...
# Subtest: stable collaboration-module URLs revalidate instead of remaining fresh
ok 255 - stable collaboration-module URLs revalidate instead of remaining fresh
  ---
  duration_ms: 8.123683
  type: 'test'
  ...
# node:internal/modules/esm/get_format:219
#   throw new ERR_UNKNOWN_FILE_EXTENSION(ext, filepath);
#         ^
# TypeError [ERR_UNKNOWN_FILE_EXTENSION]: Unknown file extension ".ts" for /mnt/data/BrainVault_work/src/lib/code-highlighting.ts
#     at Object.getFileProtocolModuleFormat [as file:] (node:internal/modules/esm/get_format:219:9)
#     at defaultGetFormat (node:internal/modules/esm/get_format:245:36)
#     at defaultLoad (node:internal/modules/esm/load:120:22)
#     at async ModuleLoader.loadAndTranslate (node:internal/modules/esm/loader:580:32) {
#   code: 'ERR_UNKNOWN_FILE_EXTENSION'
# }
# Node.js v22.16.0
# Subtest: tests/code-highlighting-resource-limits.node.test.mjs
not ok 66 - tests/code-highlighting-resource-limits.node.test.mjs
  ---
  duration_ms: 73.682462
  type: 'test'
  location: '/mnt/data/BrainVault_work/tests/code-highlighting-resource-limits.node.test.mjs:1:1'
  failureType: 'testCodeFailure'
  exitCode: 1
  signal: ~
  error: 'test failed'
  code: 'ERR_TEST_FAILURE'
  ...
# Subtest: collaboration access refresh stays bound to the session generation that requested it
ok 257 - collaboration access refresh stays bound to the session generation that requested it
  ---
  duration_ms: 17.969313
  type: 'test'
  ...
# Subtest: standalone reproduction proves page-id-only access refreshes can clobber a same-page reopen
ok 258 - standalone reproduction proves page-id-only access refreshes can clobber a same-page reopen
  ---
  duration_ms: 47.350909
  type: 'test'
  ...
# Subtest: an existing attachment keeps its durable Yjs position while canonical content wins
ok 259 - an existing attachment keeps its durable Yjs position while canonical content wins
  ---
  duration_ms: 1.055977
  type: 'test'
  ...
# Subtest: a genuinely missing attachment adopts the relational server position
ok 260 - a genuinely missing attachment adopts the relational server position
  ---
  duration_ms: 0.12635
  type: 'test'
  ...
# Subtest: an existing attachment never falls back to a stale SQL parent
ok 261 - an existing attachment never falls back to a stale SQL parent
  ---
  duration_ms: 0.495388
  type: 'test'
  ...
# Subtest: self-parenting and invalid sort values are normalized fail-closed
ok 262 - self-parenting and invalid sort values are normalized fail-closed
  ---
  duration_ms: 0.274478
  type: 'test'
  ...
# Subtest: attachment replacement keeps promoted children and sibling order dense in one plan
ok 263 - attachment replacement keeps promoted children and sibling order dense in one plan
  ---
  duration_ms: 1.958832
  type: 'test'
  ...
# Subtest: attachment replacement refuses to delete a source changed while upload is in flight
ok 264 - attachment replacement refuses to delete a source changed while upload is in flight
  ---
  duration_ms: 0.438461
  type: 'test'
  ...
# Subtest: attachment replacement preserves an attachment moved while upload completion is in flight
ok 265 - attachment replacement preserves an attachment moved while upload completion is in flight
  ---
  duration_ms: 0.185169
  type: 'test'
  ...
# Subtest: collaborative fallback revalidates the canonical attachment before changing sibling order
ok 266 - collaborative fallback revalidates the canonical attachment before changing sibling order
  ---
  duration_ms: 2.026539
  type: 'test'
  ...
# Subtest: the attachment replacement UI uses the atomic prepared-document mutation
ok 267 - the attachment replacement UI uses the atomic prepared-document mutation
  ---
  duration_ms: 11.07012
  type: 'test'
  ...
# node:internal/modules/esm/get_format:219
#   throw new ERR_UNKNOWN_FILE_EXTENSION(ext, filepath);
#         ^
# TypeError [ERR_UNKNOWN_FILE_EXTENSION]: Unknown file extension ".ts" for /mnt/data/BrainVault_work/src/lib/collaboration-bootstrap.ts
#     at Object.getFileProtocolModuleFormat [as file:] (node:internal/modules/esm/get_format:219:9)
#     at defaultGetFormat (node:internal/modules/esm/get_format:245:36)
#     at defaultLoad (node:internal/modules/esm/load:120:22)
#     at async ModuleLoader.loadAndTranslate (node:internal/modules/esm/loader:580:32) {
#   code: 'ERR_UNKNOWN_FILE_EXTENSION'
# }
# Node.js v22.16.0
# Subtest: tests/collaboration-bootstrap-integrity.node.test.mjs
not ok 70 - tests/collaboration-bootstrap-integrity.node.test.mjs
  ---
  duration_ms: 87.11913
  type: 'test'
  location: '/mnt/data/BrainVault_work/tests/collaboration-bootstrap-integrity.node.test.mjs:1:1'
  failureType: 'testCodeFailure'
  exitCode: 1
  signal: ~
  error: 'test failed'
  code: 'ERR_TEST_FAILURE'
  ...
# Subtest: non-collaborative scroll/resize traffic does not schedule remote-caret animation frames
ok 269 - non-collaborative scroll/resize traffic does not schedule remote-caret animation frames
  ---
  duration_ms: 4.202176
  type: 'test'
  ...
# Subtest: remote-caret scheduling remains active on collaborative pages and still coalesces within a frame
ok 270 - remote-caret scheduling remains active on collaborative pages and still coalesces within a frame
  ---
  duration_ms: 0.546922
  type: 'test'
  ...
# Subtest: non-page workspace views do not schedule remote-caret frames even if the selected page is collaboration-enabled
ok 271 - non-page workspace views do not schedule remote-caret frames even if the selected page is collaboration-enabled
  ---
  duration_ms: 0.30596
  type: 'test'
  ...
# Subtest: remote caret colors are unique and stable for active users
ok 272 - remote caret colors are unique and stable for active users
  ---
  duration_ms: 3.559636
  type: 'test'
  ...
# Subtest: text control awareness keys identify the same control on another render
ok 273 - text control awareness keys identify the same control on another render
  ---
  duration_ms: 0.67398
  type: 'test'
  ...
# Subtest: selection-only awareness changes do not require rebuilding remote presence decorations
ok 274 - selection-only awareness changes do not require rebuilding remote presence decorations
  ---
  duration_ms: 0.291879
  type: 'test'
  ...
# Subtest: presence decoration changes still trigger a full collaboration chrome refresh
ok 275 - presence decoration changes still trigger a full collaboration chrome refresh
  ---
  duration_ms: 0.451736
  type: 'test'
  ...
# node:internal/modules/esm/get_format:219
#   throw new ERR_UNKNOWN_FILE_EXTENSION(ext, filepath);
#         ^
# TypeError [ERR_UNKNOWN_FILE_EXTENSION]: Unknown file extension ".ts" for /mnt/data/BrainVault_work/src/lib/collaboration-document.ts
#     at Object.getFileProtocolModuleFormat [as file:] (node:internal/modules/esm/get_format:219:9)
#     at defaultGetFormat (node:internal/modules/esm/get_format:245:36)
#     at defaultLoad (node:internal/modules/esm/load:120:22)
#     at async ModuleLoader.loadAndTranslate (node:internal/modules/esm/loader:580:32) {
#   code: 'ERR_UNKNOWN_FILE_EXTENSION'
# }
# Node.js v22.16.0
# Subtest: tests/collaboration-destructive-delete.node.test.mjs
not ok 73 - tests/collaboration-destructive-delete.node.test.mjs
  ---
  duration_ms: 53.699962
  type: 'test'
  location: '/mnt/data/BrainVault_work/tests/collaboration-destructive-delete.node.test.mjs:1:1'
  failureType: 'testCodeFailure'
  exitCode: 1
  signal: ~
  error: 'test failed'
  code: 'ERR_TEST_FAILURE'
  ...
# Subtest: a rejected recovery write prevents the live mutation
ok 277 - a rejected recovery write prevents the live mutation
  ---
  duration_ms: 2.587894
  type: 'test'
  ...
# Subtest: a thrown storage error is preserved as the recovery failure cause
ok 278 - a thrown storage error is preserved as the recovery failure cause
  ---
  duration_ms: 0.370856
  type: 'test'
  ...
# Subtest: the durability promise settles before the live update is exposed
ok 279 - the durability promise settles before the live update is exposed
  ---
  duration_ms: 2.238431
  type: 'test'
  ...
# Subtest: an unexpected live-apply failure occurs only after recovery is durable
ok 280 - an unexpected live-apply failure occurs only after recovery is durable
  ---
  duration_ms: 0.429298
  type: 'test'
  ...
# Subtest: empty updates are rejected before storage or live state is touched
ok 281 - empty updates are rejected before storage or live state is touched
  ---
  duration_ms: 0.631432
  type: 'test'
  ...
# Subtest: HTTP collaboration mutations capture and revalidate the authenticated session before page locks
ok 282 - HTTP collaboration mutations capture and revalidate the authenticated session before page locks
  ---
  duration_ms: 1.262631
  type: 'test'
  ...
# Subtest: shared-editor snapshot materialization locks all user rows deterministically before auth and page state
ok 283 - shared-editor snapshot materialization locks all user rows deterministically before auth and page state
  ---
  duration_ms: 0.44291
  type: 'test'
  ...
# Subtest: collaboration session rejects non-cookie callers before initializing durable collaboration state
ok 284 - collaboration session rejects non-cookie callers before initializing durable collaboration state
  ---
  duration_ms: 0.342632
  type: 'test'
  ...
# Subtest: snapshot retains object-level access revalidation under the page lock before destructive materialization
ok 285 - snapshot retains object-level access revalidation under the page lock before destructive materialization
  ---
  duration_ms: 0.12809
  type: 'test'
  ...
# Subtest: stale-auth race reproduction rejects a request that loses the credential race
ok 286 - stale-auth race reproduction rejects a request that loses the credential race
  ---
  duration_ms: 2.019046
  type: 'test'
  ...
# Subtest: collaboration materialization fails closed on zero-row canonical writes
ok 287 - collaboration materialization fails closed on zero-row canonical writes
  ---
  duration_ms: 1.17402
  type: 'test'
  ...
# Subtest: collaboration deletion sinks are leaf-first and verify each direct row deletion
ok 288 - collaboration deletion sinks are leaf-first and verify each direct row deletion
  ---
  duration_ms: 11.565484
  type: 'test'
  ...
# Subtest: canonical page content and hierarchy are verified before the durable checkpoint advances
ok 289 - canonical page content and hierarchy are verified before the durable checkpoint advances
  ---
  duration_ms: 0.489525
  type: 'test'
  ...
# Subtest: same-id canonical corruption cannot be certified as materialized
ok 290 - same-id canonical corruption cannot be certified as materialized
  ---
  duration_ms: 0.246191
  type: 'test'
  ...
# Subtest: zero-row survivor detachment cannot commit a cascading data-loss checkpoint
ok 291 - zero-row survivor detachment cannot commit a cascading data-loss checkpoint
  ---
  duration_ms: 0.421016
  type: 'test'
  ...
# Subtest: ambiguous materialization commits reconcile tombstoned attachment files
ok 292 - ambiguous materialization commits reconcile tombstoned attachment files
  ---
  duration_ms: 0.247087
  type: 'test'
  ...
# Subtest: attachment cleanup reconciliation fails closed across rollback and restore races
ok 293 - attachment cleanup reconciliation fails closed across rollback and restore races
  ---
  duration_ms: 0.173007
  type: 'test'
  ...
# Subtest: collaboration materialization keeps canonical page reads and writes owner-scoped
ok 294 - collaboration materialization keeps canonical page reads and writes owner-scoped
  ---
  duration_ms: 0.2038
  type: 'test'
  ...
# Subtest: owner mismatch at the final collaboration sink fails closed
ok 295 - owner mismatch at the final collaboration sink fails closed
  ---
  duration_ms: 0.603388
  type: 'test'
  ...
# Subtest: future collaboration provenance is distinguishable from a legacy checkpoint
ok 296 - future collaboration provenance is distinguishable from a legacy checkpoint
  ---
  duration_ms: 1.147112
  type: 'test'
  ...
# Subtest: the collaboration final sink rejects future provenance before canonical rewrites
ok 297 - the collaboration final sink rejects future provenance before canonical rewrites
  ---
  duration_ms: 0.490119
  type: 'test'
  ...
# Subtest: access revocation succeeds while future collaboration lineage remains intact
ok 298 - access revocation succeeds while future collaboration lineage remains intact
  ---
  duration_ms: 0.555814
  type: 'test'
  ...
# Subtest: starting a new collaboration lineage fails closed on future retained provenance
ok 299 - starting a new collaboration lineage fails closed on future retained provenance
  ---
  duration_ms: 0.278913
  type: 'test'
  ...
# Subtest: destructive page and workspace-transfer paths fail closed on future provenance
ok 300 - destructive page and workspace-transfer paths fail closed on future provenance
  ---
  duration_ms: 2.525798
  type: 'test'
  ...
# node:internal/modules/esm/get_format:219
#   throw new ERR_UNKNOWN_FILE_EXTENSION(ext, filepath);
#         ^
# TypeError [ERR_UNKNOWN_FILE_EXTENSION]: Unknown file extension ".ts" for /mnt/data/BrainVault_work/src/lib/collaboration-protocol.ts
#     at Object.getFileProtocolModuleFormat [as file:] (node:internal/modules/esm/get_format:219:9)
#     at defaultGetFormat (node:internal/modules/esm/get_format:245:36)
#     at defaultLoad (node:internal/modules/esm/load:120:22)
#     at async ModuleLoader.loadAndTranslate (node:internal/modules/esm/loader:580:32) {
#   code: 'ERR_UNKNOWN_FILE_EXTENSION'
# }
# Node.js v22.16.0
# Subtest: tests/collaboration-materialization-version-upgrade.node.test.mjs
not ok 78 - tests/collaboration-materialization-version-upgrade.node.test.mjs
  ---
  duration_ms: 39.527755
  type: 'test'
  location: '/mnt/data/BrainVault_work/tests/collaboration-materialization-version-upgrade.node.test.mjs:1:1'
  failureType: 'testCodeFailure'
  exitCode: 1
  signal: ~
  error: 'test failed'
  code: 'ERR_TEST_FAILURE'
  ...
# Subtest: collaboration presence callback avoids a full chrome rebuild for caret-only awareness changes
ok 302 - collaboration presence callback avoids a full chrome rebuild for caret-only awareness changes
  ---
  duration_ms: 1.441615
  type: 'test'
  ...
# Subtest: collaboration recovery uses binary structured-clone storage and reloads the exact bytes
ok 303 - collaboration recovery uses binary structured-clone storage and reloads the exact bytes
  ---
  duration_ms: 17.983463
  type: 'test'
  ...
# node:internal/modules/esm/get_format:219
#   throw new ERR_UNKNOWN_FILE_EXTENSION(ext, filepath);
#         ^
# TypeError [ERR_UNKNOWN_FILE_EXTENSION]: Unknown file extension ".ts" for /mnt/data/BrainVault_work/src/lib/collaboration-resource-limits.ts
#     at Object.getFileProtocolModuleFormat [as file:] (node:internal/modules/esm/get_format:219:9)
#     at defaultGetFormat (node:internal/modules/esm/get_format:245:36)
#     at defaultLoad (node:internal/modules/esm/load:120:22)
#     at async ModuleLoader.loadAndTranslate (node:internal/modules/esm/loader:580:32) {
#   code: 'ERR_UNKNOWN_FILE_EXTENSION'
# }
# Node.js v22.16.0
# Subtest: tests/collaboration-resource-limits.node.test.mjs
not ok 81 - tests/collaboration-resource-limits.node.test.mjs
  ---
  duration_ms: 69.608247
  type: 'test'
  location: '/mnt/data/BrainVault_work/tests/collaboration-resource-limits.node.test.mjs:1:1'
  failureType: 'testCodeFailure'
  exitCode: 1
  signal: ~
  error: 'test failed'
  code: 'ERR_TEST_FAILURE'
  ...
# Subtest: final direct-share revocation is no longer conditional on successful materialization
ok 305 - final direct-share revocation is no longer conditional on successful materialization
  ---
  duration_ms: 2.694814
  type: 'test'
  ...
# Subtest: final collection-share teardown quarantines pending history without rolling access revocation back
ok 306 - final collection-share teardown quarantines pending history without rolling access revocation back
  ---
  duration_ms: 0.287852
  type: 'test'
  ...
# Subtest: server quarantine stores a bounded canonical Yjs recovery candidate for the owner
ok 307 - server quarantine stores a bounded canonical Yjs recovery candidate for the owner
  ---
  duration_ms: 0.364243
  type: 'test'
  ...
# Subtest: effective page access carries the exact authoritative share generation
ok 308 - effective page access carries the exact authoritative share generation
  ---
  duration_ms: 0.832156
  type: 'test'
  ...
# Subtest: collaboration tickets require a grant lineage
ok 309 - collaboration tickets require a grant lineage
  ---
  duration_ms: 0.146214
  type: 'test'
  ...
# Subtest: revocation disconnects only the generation that was actually removed
ok 310 - revocation disconnects only the generation that was actually removed
  ---
  duration_ms: 0.326361
  type: 'test'
  ...
# Subtest: live and queued collaboration writes revalidate grant generation
ok 311 - live and queued collaboration writes revalidate grant generation
  ---
  duration_ms: 0.244778
  type: 'test'
  ...
# Subtest: revoke then re-add reproducer rejects the old grant and accepts the replacement
ok 312 - revoke then re-add reproducer rejects the old grant and accepts the replacement
  ---
  duration_ms: 61.345443
  type: 'test'
  ...
# Subtest: attachment uploads stay bound to the collaborator grant admitted before multipart intake
ok 313 - attachment uploads stay bound to the collaborator grant admitted before multipart intake
  ---
  duration_ms: 1.844679
  type: 'test'
  ...
# Subtest: attachment revoke-then-readd reproducer rejects the stale upload grant
ok 314 - attachment revoke-then-readd reproducer rejects the stale upload grant
  ---
  duration_ms: 55.807665
  type: 'test'
  ...
# Subtest: reproduction: a partial collaborative bookmark model passed integrity checks and materialized destructive defaults
ok 315 - reproduction: a partial collaborative bookmark model passed integrity checks and materialized destructive defaults
  ---
  duration_ms: 2.414334
  type: 'test'
  ...
# Subtest: collaboration decoding rejects non-canonical structured metadata before any SQL materialization
ok 316 - collaboration decoding rejects non-canonical structured metadata before any SQL materialization
  ---
  duration_ms: 0.472909
  type: 'test'
  ...
# Subtest: the shared canonicality policy covers every metadata-backed editor and ignores object prototypes
ok 317 - the shared canonicality policy covers every metadata-backed editor and ignores object prototypes
  ---
  duration_ms: 0.731725
  type: 'test'
  ...
# Subtest: complete structured models and non-structured blocks remain valid
ok 318 - complete structured models and non-structured blocks remain valid
  ---
  duration_ms: 0.68472
  type: 'test'
  ...
# Subtest: canonical attachment upload remains the narrow REST exception for collaborative pages
ok 319 - canonical attachment upload remains the narrow REST exception for collaborative pages
  ---
  duration_ms: 2.28028
  type: 'test'
  ...
# Subtest: canonical attachment broadcast is fenced to the document generation that committed it
ok 320 - canonical attachment broadcast is fenced to the document generation that committed it
  ---
  duration_ms: 0.390455
  type: 'test'
  ...
# Subtest: workspace restore preserves surviving collaborators' navigation preferences
ok 321 - workspace restore preserves surviving collaborators' navigation preferences
  ---
  duration_ms: 9.634061
  type: 'test'
  ...
# Subtest: standalone reproduction proves collaborator navigation loss before the fix and preservation after it
ok 322 - standalone reproduction proves collaborator navigation loss before the fix and preservation after it
  ---
  duration_ms: 47.853784
  type: 'test'
  ...
# Subtest: attachment admission captures authorization and the page owner's workspace generation in one read
ok 323 - attachment admission captures authorization and the page owner's workspace generation in one read
  ---
  duration_ms: 3.394593
  type: 'test'
  ...
# Subtest: attachment creation rejects an upload that crossed the page owner's restore generation
ok 324 - attachment creation rejects an upload that crossed the page owner's restore generation
  ---
  duration_ms: 1.90323
  type: 'test'
  ...
# Subtest: race model proves a stale collaborator attachment could cross restore before the owner-generation fence
ok 325 - race model proves a stale collaborator attachment could cross restore before the owner-generation fence
  ---
  duration_ms: 52.003201
  type: 'test'
  ...
# Subtest: collection ADMIN downgrade/removal recursively revokes delegated collection grant provenance
ok 326 - collection ADMIN downgrade/removal recursively revokes delegated collection grant provenance
  ---
  duration_ms: 11.66193
  type: 'test'
  ...
# Subtest: delegation closure removes only descendants still rooted in the revoked ADMIN
ok 327 - delegation closure removes only descendants still rooted in the revoked ADMIN
  ---
  duration_ms: 1.109943
  type: 'test'
  ...
# Subtest: delegation closure is cycle-safe and never re-adds the cascade root
ok 328 - delegation closure is cycle-safe and never re-adds the cascade root
  ---
  duration_ms: 0.374847
  type: 'test'
  ...
# Subtest: collection ADMIN downgrade cascades legacy direct grants created by that administrator
ok 329 - collection ADMIN downgrade cascades legacy direct grants created by that administrator
  ---
  duration_ms: 10.875761
  type: 'test'
  ...
# Subtest: downgrading the delegating admin can no longer leave a third-party editor behind
ok 330 - downgrading the delegating admin can no longer leave a third-party editor behind
  ---
  duration_ms: 0.591
  type: 'test'
  ...
# Subtest: collection share mutations bind delegated ADMIN authority to its admitted generation
ok 331 - collection share mutations bind delegated ADMIN authority to its admitted generation
  ---
  duration_ms: 2.988888
  type: 'test'
  ...
# Subtest: race model rejects create/update/delete admitted under a replaced ADMIN grant
ok 332 - race model rejects create/update/delete admitted under a replaced ADMIN grant
  ---
  duration_ms: 57.784
  type: 'test'
  ...
# Subtest: reproduction: an RR collection snapshot can miss a descendant update committed before its page lock
ok 333 - reproduction: an RR collection snapshot can miss a descendant update committed before its page lock
  ---
  duration_ms: 1.654839
  type: 'test'
  ...
# Subtest: final collection-share teardown reads the latest Yjs update with a locking current read
ok 334 - final collection-share teardown reads the latest Yjs update with a locking current read
  ---
  duration_ms: 0.649891
  type: 'test'
  ...
# Subtest: collection-share removal locks member pages before the collaboration teardown fence
ok 335 - collection-share removal locks member pages before the collaboration teardown fence
  ---
  duration_ms: 0.247358
  type: 'test'
  ...
# Subtest: active collaboration write leases are checked with a locking current read
ok 336 - active collaboration write leases are checked with a locking current read
  ---
  duration_ms: 0.928187
  type: 'test'
  ...
# Subtest: collection permission and removal mutations remain bound to their originating session and view
ok 337 - collection permission and removal mutations remain bound to their originating session and view
  ---
  duration_ms: 23.523603
  type: 'test'
  ...
# Subtest: write-revoking collection mutations use the owner-wide recovery barrier
ok 338 - write-revoking collection mutations use the owner-wide recovery barrier
  ---
  duration_ms: 35.372336
  type: 'test'
  ...
# Subtest: reproduction: stale collection-sharing intents and unacknowledged Yjs recovery cannot release a revocation
ok 339 - reproduction: stale collection-sharing intents and unacknowledged Yjs recovery cannot release a revocation
  ---
  duration_ms: 71.980129
  type: 'test'
  ...
# Subtest: collection sharing migration stores role grants and materialized collection membership
ok 340 - collection sharing migration stores role grants and materialized collection membership
  ---
  duration_ms: 8.247225
  type: 'test'
  ...
# Subtest: collection permission is authoritative before legacy per-page EDIT sharing
ok 341 - collection permission is authoritative before legacy per-page EDIT sharing
  ---
  duration_ms: 13.734194
  type: 'test'
  ...
# Subtest: collection sharing API exposes create/update/remove and requires collection administration
ok 342 - collection sharing API exposes create/update/remove and requires collection administration
  ---
  duration_ms: 7.968402
  type: 'test'
  ...
# Subtest: direct page grants cannot be minted by collection administrators and admin-created grants are cascaded on revoke
ok 343 - direct page grants cannot be minted by collection administrators and admin-created grants are cascaded on revoke
  ---
  duration_ms: 9.404989
  type: 'test'
  ...
# Subtest: collection sharing invalidates only captured document epochs and grant generations
ok 344 - collection sharing invalidates only captured document epochs and grant generations
  ---
  duration_ms: 1.622141
  type: 'test'
  ...
# Subtest: Yjs collaboration stays readable for READ grants while server rejects their writes
ok 345 - Yjs collaboration stays readable for READ grants while server rejects their writes
  ---
  duration_ms: 5.821664
  type: 'test'
  ...
# Subtest: collection ADMIN capability is surfaced to page management UI and READ remains read-only
ok 346 - collection ADMIN capability is surfaced to page management UI and READ remains read-only
  ---
  duration_ms: 20.769199
  type: 'test'
  ...
# Subtest: backup restore carries collection grants and rebuilds membership
ok 347 - backup restore carries collection grants and rebuilds membership
  ---
  duration_ms: 3.297554
  type: 'test'
  ...
# Subtest: custom collection subsets expose direct children through the synthetic tree root
ok 348 - custom collection subsets expose direct children through the synthetic tree root
  ---
  duration_ms: 29.034251
  type: 'test'
  ...
# Subtest: sidebar and collection view read collection subsets from rootParentKey
ok 349 - sidebar and collection view read collection subsets from rootParentKey
  ---
  duration_ms: 16.711236
  type: 'test'
  ...
# Subtest: country login policy is enforced at every authentication/session boundary
ok 350 - country login policy is enforced at every authentication/session boundary
  ---
  duration_ms: 6.478774
  type: 'test'
  ...
# Subtest: enabled country policy fails closed and records a dedicated block event
ok 351 - enabled country policy fails closed and records a dedicated block event
  ---
  duration_ms: 3.597353
  type: 'test'
  ...
# Subtest: settings API, block history API, migration, and browser controls are wired together
ok 352 - settings API, block history API, migration, and browser controls are wired together
  ---
  duration_ms: 11.492302
  type: 'test'
  ...
# node:internal/modules/esm/get_format:219
#   throw new ERR_UNKNOWN_FILE_EXTENSION(ext, filepath);
#         ^
# TypeError [ERR_UNKNOWN_FILE_EXTENSION]: Unknown file extension ".ts" for /mnt/data/BrainVault_work/src/lib/geo-country.ts
#     at Object.getFileProtocolModuleFormat [as file:] (node:internal/modules/esm/get_format:219:9)
#     at defaultGetFormat (node:internal/modules/esm/get_format:245:36)
#     at defaultLoad (node:internal/modules/esm/load:120:22)
#     at async ModuleLoader.loadAndTranslate (node:internal/modules/esm/loader:580:32) {
#   code: 'ERR_UNKNOWN_FILE_EXTENSION'
# }
# Node.js v22.16.0
# Subtest: tests/country-policy-local-network.node.test.mjs
not ok 96 - tests/country-policy-local-network.node.test.mjs
  ---
  duration_ms: 54.279523
  type: 'test'
  location: '/mnt/data/BrainVault_work/tests/country-policy-local-network.node.test.mjs:1:1'
  failureType: 'testCodeFailure'
  exitCode: 1
  signal: ~
  error: 'test failed'
  code: 'ERR_TEST_FAILURE'
  ...
# Subtest: block parent foreign key is page-scoped and migration is replay-safe
ok 354 - block parent foreign key is page-scoped and migration is replay-safe
  ---
  duration_ms: 55.236732
  type: 'test'
  ...
# Subtest: backup v3+ makes uploaded custom icons self-contained and restorable
ok 355 - backup v3+ makes uploaded custom icons self-contained and restorable
  ---
  duration_ms: 17.294437
  type: 'test'
  ...
# Subtest: backup v3+ retains files removed from the picker instead of exporting active rows only
ok 356 - backup v3+ retains files removed from the picker instead of exporting active rows only
  ---
  duration_ms: 9.043279
  type: 'test'
  ...
# node:internal/modules/esm/get_format:219
#   throw new ERR_UNKNOWN_FILE_EXTENSION(ext, filepath);
#         ^
# TypeError [ERR_UNKNOWN_FILE_EXTENSION]: Unknown file extension ".ts" for /mnt/data/BrainVault_work/src/lib/custom-icon-storage-limit.ts
#     at Object.getFileProtocolModuleFormat [as file:] (node:internal/modules/esm/get_format:219:9)
#     at defaultGetFormat (node:internal/modules/esm/get_format:245:36)
#     at defaultLoad (node:internal/modules/esm/load:120:22)
#     at async ModuleLoader.loadAndTranslate (node:internal/modules/esm/loader:580:32) {
#   code: 'ERR_UNKNOWN_FILE_EXTENSION'
# }
# Node.js v22.16.0
# Subtest: tests/custom-icon-resource-boundary.node.test.mjs
not ok 99 - tests/custom-icon-resource-boundary.node.test.mjs
  ---
  duration_ms: 47.63411
  type: 'test'
  location: '/mnt/data/BrainVault_work/tests/custom-icon-resource-boundary.node.test.mjs:1:1'
  failureType: 'testCodeFailure'
  exitCode: 1
  signal: ~
  error: 'test failed'
  code: 'ERR_TEST_FAILURE'
  ...
# Subtest: page PATCH materializes its acknowledgement before the transaction releases the page lock
ok 358 - page PATCH materializes its acknowledgement before the transaction releases the page lock
  ---
  duration_ms: 5.076925
  type: 'test'
  ...
# Subtest: legacy page archive DELETE keeps its acknowledgement causally bound to the locked transaction
ok 359 - legacy page archive DELETE keeps its acknowledgement causally bound to the locked transaction
  ---
  duration_ms: 2.515991
  type: 'test'
  ...
# Subtest: post-COMMIT page disconnects are fenced against a later restore generation
ok 360 - post-COMMIT page disconnects are fenced against a later restore generation
  ---
  duration_ms: 2.051309
  type: 'test'
  ...
# Subtest: share-transition disconnects cannot tear down a later collaboration generation
ok 361 - share-transition disconnects cannot tear down a later collaboration generation
  ---
  duration_ms: 0.863225
  type: 'test'
  ...
# Subtest: partial block mutations require a caller snapshot base before certifying the page-global content version
ok 362 - partial block mutations require a caller snapshot base before certifying the page-global content version
  ---
  duration_ms: 13.172356
  type: 'test'
  ...
# Subtest: stale partial responses cannot make a stale page snapshot appear current
ok 363 - stale partial responses cannot make a stale page snapshot appear current
  ---
  duration_ms: 0.208577
  type: 'test'
  ...
# Subtest: title acknowledgements keep the content-version token coupled to preserved blocks
ok 364 - title acknowledgements keep the content-version token coupled to preserved blocks
  ---
  duration_ms: 11.666169
  type: 'test'
  ...
# Subtest: page metadata acknowledgements preserve newer collaborative content
ok 365 - page metadata acknowledgements preserve newer collaborative content
  ---
  duration_ms: 12.76149
  type: 'test'
  ...
# Subtest: delayed collaboration materialization acknowledgements cannot roll freshness tokens backward
ok 366 - delayed collaboration materialization acknowledgements cannot roll freshness tokens backward
  ---
  duration_ms: 11.189098
  type: 'test'
  ...
# Subtest: collaboration validation and no-op filtering happen before the durable write lease
ok 367 - collaboration validation and no-op filtering happen before the durable write lease
  ---
  duration_ms: 2.807073
  type: 'test'
  ...
# Subtest: room history replay releases the page row lock before CPU replay
ok 368 - room history replay releases the page row lock before CPU replay
  ---
  duration_ms: 1.162353
  type: 'test'
  ...
# Subtest: archived pages cannot have version history reset
ok 369 - archived pages cannot have version history reset
  ---
  duration_ms: 0.964845
  type: 'test'
  ...
# Subtest: share removal, hard deletion, and restore fence active collaboration leases before destructive writes
ok 370 - share removal, hard deletion, and restore fence active collaboration leases before destructive writes
  ---
  duration_ms: 2.100469
  type: 'test'
  ...
# Subtest: both page archive routes fence active collaboration write leases
ok 371 - both page archive routes fence active collaboration write leases
  ---
  duration_ms: 1.006071
  type: 'test'
  ...
# Subtest: browser destructive transitions refresh durable recovery after acquiring the writer-exclusive barrier
ok 372 - browser destructive transitions refresh durable recovery after acquiring the writer-exclusive barrier
  ---
  duration_ms: 8.599061
  type: 'test'
  ...
# Subtest: collaboration ACK cleanup is prepared-mutation fenced and generation-matched
ok 373 - collaboration ACK cleanup is prepared-mutation fenced and generation-matched
  ---
  duration_ms: 1.041023
  type: 'test'
  ...
# Subtest: destructive transitions preserve server recovery admission before deleting access or page rows
ok 374 - destructive transitions preserve server recovery admission before deleting access or page rows
  ---
  duration_ms: 1.987936
  type: 'test'
  ...
# Subtest: recovery vault survives page deletion, is quarantined, deduplicated, and quota bounded
ok 375 - recovery vault survives page deletion, is quarantined, deduplicated, and quota bounded
  ---
  duration_ms: 0.813618
  type: 'test'
  ...
# Subtest: old-only collaboration recovery warns before refusing a cross-lineage merge
ok 376 - old-only collaboration recovery warns before refusing a cross-lineage merge
  ---
  duration_ms: 0.548564
  type: 'test'
  ...
# Subtest: server upload cleanup cannot delete a newer direct draft written during the upload
ok 377 - server upload cleanup cannot delete a newer direct draft written during the upload
  ---
  duration_ms: 6.823754
  type: 'test'
  ...
# Subtest: browser recovery sync uploads additively and never auto-deletes local recovery
ok 378 - browser recovery sync uploads additively and never auto-deletes local recovery
  ---
  duration_ms: 12.216627
  type: 'test'
  ...
# Subtest: recovery candidate deletion permits either the uploader or the vault owner
ok 379 - recovery candidate deletion permits either the uploader or the vault owner
  ---
  duration_ms: 0.367947
  type: 'test'
  ...
# Subtest: recovery candidate bytes are verified on the server and again before browser download
ok 380 - recovery candidate bytes are verified on the server and again before browser download
  ---
  duration_ms: 18.922047
  type: 'test'
  ...
# Subtest: direct page opening fails closed when browser recovery cannot be inspected safely
ok 381 - direct page opening fails closed when browser recovery cannot be inspected safely
  ---
  duration_ms: 8.992992
  type: 'test'
  ...
# Subtest: collaboration account/page inspection preserves unreadable recovery evidence
ok 382 - collaboration account/page inspection preserves unreadable recovery evidence
  ---
  duration_ms: 1.934349
  type: 'test'
  ...
# Subtest: collaboration startup treats unreadable or undecodable recovery as a non-retrying integrity failure
ok 383 - collaboration startup treats unreadable or undecodable recovery as a non-retrying integrity failure
  ---
  duration_ms: 0.755565
  type: 'test'
  ...
# Subtest: database option rename preserves stable IDs and existing references
ok 384 - database option rename preserves stable IDs and existing references
  ---
  duration_ms: 1.425836
  type: 'test'
  ...
# Subtest: database option editor rejects overflow instead of truncating
ok 385 - database option editor rejects overflow instead of truncating
  ---
  duration_ms: 1.156285
  type: 'test'
  ...
# Subtest: database option editor refuses to remove referenced option IDs
ok 386 - database option editor refuses to remove referenced option IDs
  ---
  duration_ms: 0.340194
  type: 'test'
  ...
# Subtest: kanban tag normalization keeps over-limit input intact for fail-closed validation
ok 387 - kanban tag normalization keeps over-limit input intact for fail-closed validation
  ---
  duration_ms: 48.634673
  type: 'test'
  ...
# Subtest: block PATCH fences invalid stored metadata before accepting replacement metadata
ok 388 - block PATCH fences invalid stored metadata before accepting replacement metadata
  ---
  duration_ms: 5.462055
  type: 'test'
  ...
# Subtest: collaboration materialization fences all stored non-attachment metadata before relational writes
ok 389 - collaboration materialization fences all stored non-attachment metadata before relational writes
  ---
  duration_ms: 1.353666
  type: 'test'
  ...
# Subtest: exclusive page transition waits for a slow shared writer drain instead of a timer
ok 390 - exclusive page transition waits for a slow shared writer drain instead of a timer
  ---
  duration_ms: 93.287612
  type: 'test'
  ...
# Subtest: workspace writer barrier waits for every page writer in the workspace
ok 391 - workspace writer barrier waits for every page writer in the workspace
  ---
  duration_ms: 43.953172
  type: 'test'
  ...
# Subtest: UI mutation and archive paths contain the new fail-closed guards
ok 392 - UI mutation and archive paths contain the new fail-closed guards
  ---
  duration_ms: 16.900416
  type: 'test'
  ...
# Subtest: page archive auth rotation cannot cross a destructive persistence barrier
ok 393 - page archive auth rotation cannot cross a destructive persistence barrier
  ---
  duration_ms: 1.373393
  type: 'test'
  ...
# Subtest: workspace restore carries and revalidates auth, device-session, and workspace-generation scope
not ok 394 - workspace restore carries and revalidates auth, device-session, and workspace-generation scope
  ---
  duration_ms: 26.073591
  type: 'test'
  location: '/mnt/data/BrainVault_work/tests/data-restore-auth-boundary.node.test.mjs:11:1'
  failureType: 'testCodeFailure'
  error: |-
    The input did not match the regular expression /import \{ requireAuth, requireRequestAuthScope \} from "\.\.\/middleware\/auth\.js"/. Input:
    
    'import path from "node:path";\n' +
      'import { rm } from "node:fs/promises";\n' +
      'import { Router, type NextFunction, type Request, type Response } from "express";\n' +
      'import multer from "multer";\n' +
      'import { env } from "../config/env.js";\n' +
      'import {\n' +
      '  dataTransferTempDir,\n' +
      '  ensureDataTransferDirectories,\n' +
      '  importUserDataBackup,\n' +
      '  prepareUserDataBackup,\n' +
      '  writeUserDataBackup\n' +
      '} from "../lib/data-transfer.js";\n' +
      'import { createId } from "../lib/id.js";\n' +
      'import { ApiError } from "../lib/http.js";\n' +
      'import { toPublicUser } from "../lib/mappers.js";\n' +
      'import { requireAuth, requireRequestAuthScope, requireSameOriginCookieRequest } from "../middleware/auth.js";\n' +
      'import {\n' +
      '  beginDataImportProcessing,\n' +
      '  dataExportConcurrencyLimit,\n' +
      '  dataExportRateLimit,\n' +
      '  dataImportConcurrencyLimit,\n' +
      '  dataImportRateLimit\n' +
      '} from "../middleware/data-rate-limit.js";\n' +
      'import { requireUser } from "../utils/schemas.js";\n' +
      '\n' +
      'export const dataRouter = Router();\n' +
      'dataRouter.use(requireAuth);\n' +
      '\n' +
      'const maxBackupUploadBytes = env.DATA_TRANSFER_MAX_SIZE_MB * 1024 * 1024;\n' +
      'const maxMultipartOverheadBytes = 1024 * 1024;\n' +
      '\n' +
      'function enforceBackupUploadRequestSize(req: Request, _res: Response, next: NextFunction) {\n' +
      '  const rawContentLength = req.headers["content-length"];\n' +
      '  if (rawContentLength === undefined) {\n' +
      '    next();\n' +
      '    return;\n' +
      '  }\n' +
      '  const contentLength = Number(rawContentLength);\n' +
      '  if (!Number.isSafeInteger(contentLength) || contentLength < 0) {\n' +
      '    next(new ApiError(400, "INVALID_CONTENT_LENGTH", "Content-Length is invalid"));\n' +
      '    return;\n' +
      '  }\n' +
      '  if (contentLength > maxBackupUploadBytes + maxMultipartOverheadBytes) {\n' +
      '    next(new ApiError(413, "DATA_BACKUP_TOO_LARGE", "Backup exceeds the configured data-transfer limit"));\n' +
      '    return;\n' +
      '  }\n' +
      '  next();\n' +
      '}\n' +
      '\n' +
      'const backupUploadLimits = {\n' +
      '  fileSize: maxBackupUploadBytes,\n' +
      '  files: 1,\n' +
      '  fields: 0,\n' +
      '  parts: 2,\n' +
      '  fieldNameSize: 64,\n' +
      '  headerPairs: 32,\n' +
      '  fieldNestingDepth: 1,\n' +
      '  fieldArrayIndexLimit: 0\n' +
      '};\n' +
      '\n' +
      'const backupUpload = multer({\n' +
      '  storage: multer.diskStorage({\n' +
      '    destination: (_req, _file, callback) => {\n' +
      '      ensureDataTransferDirectories()\n' +
      '        .then(() => callback(null, dataTransferTempDir))\n' +
      '        .catch((error) => callback(error, dataTransferTempDir));\n' +
      '    },\n' +
      '    filename: (_req, _file, callback) => callback(null, createId("backup-upload"))\n' +
      '  }),\n' +
      '  limits: backupUploadLimits,\n' +
      '  preservePath: false,\n' +
      '  defParamCharset: "utf8"\n' +
      '});\n' +
      '\n' +
      'dataRouter.get(\n' +
      '  "/export",\n' +
      '  requireSameOriginCookieRequest,\n' +
      '  dataExportRateLimit,\n' +
      '  dataExportConcurrencyLimit,\n' +
      '  async (req, res, next) => {\n' +
      '  const exportDeadline = setTimeout(() => {\n' +
      '    res.destroy(new Error("Data export response deadline exceeded"));\n' +
      '  }, env.DATA_EXPORT_TIMEOUT_MS);\n' +
      '  exportDeadline.unref?.();\n' +
      '  try {\n' +
      '    const user = requireUser(req.user);\n' +
      '    const plan = await prepareUserDataBackup(user.id);\n' +
      '    const date = new Date().toISOString().slice(0, 10);\n' +
      '    const safeUsername = plan.account.username.replace(/[^a-zA-Z0-9._-]/g, "_");\n' +
      '    const filename = `BrainVault-${safeUsername}-${date}.zip`;\n' +
      '\n' +
      '    res.status(200);\n' +
      '    res.setHeader("Content-Type", "application/zip");\n' +
      '    res.setHeader("Content-Disposition", `attachment; filename="${filename}"`);\n' +
      '    res.setHeader("Content-Length", plan.archiveSize.toString());\n' +
      '    res.setHeader("Cache-Control", "private, no-store, no-transform");\n' +
      '    res.setHeader("X-Content-Type-Options", "nosniff");\n' +
      '    res.strictContentLength = true;\n' +
      '    await writeUserDataBackup(plan, res);\n' +
      '    res.end();\n' +
      '  } catch (error) {\n' +
      '    if (res.headersSent) {\n' +
      '      res.destroy(error instanceof Error ? error : undefined);\n' +
      '      return;\n' +
      '    }\n' +
      '    next(error);\n' +
      '  } finally {\n' +
      '    clearTimeout(exportDeadline);\n' +
      '  }\n' +
      '  }\n' +
      ');\n' +
      '\n' +
      'dataRouter.post(\n' +
      '  "/import",\n' +
      '  dataImportRateLimit,\n' +
      '  enforceBackupUploadRequestSize,\n' +
      '  dataImportConcurrencyLimit,\n' +
      '  backupUpload.single("backup"),\n' +
      '  async (req, res, next) => {\n' +
      '    const uploadPath = req.file?.path ?? null;\n' +
      '    let releaseDataImport: (() => void) | null = null;\n' +
      '    try {\n' +
      '      releaseDataImport = beginDataImportProcessing(res);\n' +
      '      const user = requireUser(req.user);\n' +
      '      const authScope = requireRequestAuthScope(req);\n' +
      '      if (!uploadPath) throw new ApiError(400, "DATA_BACKUP_REQUIRED", "Select a BrainVault backup ZIP file");\n' +
      '      const extension = path.extname(req.file?.originalname ?? "").toLowerCase();\n' +
      '      if (extension && extension !== ".zip") {\n' +
      '        throw new ApiError(400, "INVALID_DATA_BACKUP", "Select a .zip backup exported by BrainVault");\n' +
      '      }\n' +
      '\n' +
      '      const result = await importUserDataBackup(user.id, uploadPath, authScope);\n' +
      '      res.json({ user: toPublicUser(result.user), counts: result.counts, sharing: result.sharing });\n' +
      '    } catch (error) {\n' +
      '      next(error);\n' +
      '    } finally {\n' +
      '      if (uploadPath) await rm(uploadPath, { force: true }).catch(() => undefined);\n' +
      '      releaseDataImport?.();\n' +
      '    }\n' +
      '  }\n' +
      ');\n'
    
  code: 'ERR_ASSERTION'
  name: 'AssertionError'
  expected:
  actual: |-
    import path from "node:path";
    import { rm } from "node:fs/promises";
    import { Router, type NextFunction, type Request, type Response } from "express";
    import multer from "multer";
    import { env } from "../config/env.js";
    import {
      dataTransferTempDir,
      ensureDataTransferDirectories,
      importUserDataBackup,
      prepareUserDataBackup,
      writeUserDataBackup
    } from "../lib/data-transfer.js";
    import { createId } from "../lib/id.js";
    import { ApiError } from "../lib/http.js";
    import { toPublicUser } from "../lib/mappers.js";
    import { requireAuth, requireRequestAuthScope, requireSameOriginCookieRequest } from "../middleware/auth.js";
    import {
      beginDataImportProcessing,
      dataExportConcurrencyLimit,
      dataExportRateLimit,
      dataImportConcurrencyLimit,
      dataImportRateLimit
    } from "../middleware/data-rate-limit.js";
    import { requireUser } from "../utils/schemas.js";
    
    export const dataRouter = Router();
    dataRouter.use(requireAuth);
    
    const maxBackupUploadBytes = env.DATA_TRANSFER_MAX_SIZE_MB * 1024 * 1024;
    const maxMultipartOverheadBytes = 1024 * 1024;
    
    function enforceBackupUploadRequestSize(req: Request, _res: Response, next: NextFunction) {
      const rawContentLength = req.headers["content-length"];
      if (rawContentLength === undefined) {
        next();
        return;
      }
      const contentLength = Number(rawContentLength);
      if (!Number.isSafeInteger(contentLength) || contentLength < 0) {
        next(new ApiError(400, "INVALID_CONTENT_LENGTH", "Content-Length is invalid"));
        return;
      }
      if (contentLength > maxBackupUploadBytes + maxMultipartOverheadBytes) {
        next(new ApiError(413, "DATA_BACKUP_TOO_LARGE", "Backup exceeds the configured data-transfer limit"));
        return;
      }
      next();
    }
    
    const backupUploadLimits = {
      fileSize: maxBackupUploadBytes,
      files: 1,
      fields: 0,
      parts: 2,
      fieldNameSize: 64,
      headerPairs: 32,
      fieldNestingDepth: 1,
      fieldArrayIndexLimit: 0
    };
    
    const backupUpload = multer({
      storage: multer.diskStorage({
        destination: (_req, _file, callback) => {
          ensureDataTransferDirectories()
            .then(() => callback(null, dataTransferTempDir))
            .catch((error) => callback(error, dataTransferTempDir));
        },
        filename: (_req, _file, callback) => callback(null, createId("backup-upload"))
      }),
      limits: backupUploadLimits,
      preservePath: false,
      defParamCharset: "utf8"
    });
    
    dataRouter.get(
      "/export",
      requireSameOriginCookieRequest,
      dataExportRateLimit,
      dataExportConcurrencyLimit,
      async (req, res, next) => {
      const exportDeadline = setTimeout(() => {
        res.destroy(new Error("Data export response deadline exceeded"));
      }, env.DATA_EXPORT_TIMEOUT_MS);
      exportDeadline.unref?.();
      try {
        const user = requireUser(req.user);
        const plan = await prepareUserDataBackup(user.id);
        const date = new Date().toISOString().slice(0, 10);
        const safeUsername = plan.account.username.replace(/[^a-zA-Z0-9._-]/g, "_");
        const filename = `BrainVault-${safeUsername}-${date}.zip`;
    
        res.status(200);
        res.setHeader("Content-Type", "application/zip");
        res.setHeader("Content-Disposition", `attachment; filename="${filename}"`);
        res.setHeader("Content-Length", plan.archiveSize.toString());
        res.setHeader("Cache-Control", "private, no-store, no-transform");
        res.setHeader("X-Content-Type-Options", "nosniff");
        res.strictContentLength = true;
        await writeUserDataBackup(plan, res);
        res.end();
      } catch (error) {
        if (res.headersSent) {
          res.destroy(error instanceof Error ? error : undefined);
          return;
        }
        next(error);
      } finally {
        clearTimeout(exportDeadline);
      }
      }
    );
    
    dataRouter.post(
      "/import",
      dataImportRateLimit,
      enforceBackupUploadRequestSize,
      dataImportConcurrencyLimit,
      backupUpload.single("backup"),
      async (req, res, next) => {
        const uploadPath = req.file?.path ?? null;
        let releaseDataImport: (() => void) | null = null;
        try {
          releaseDataImport = beginDataImportProcessing(res);
          const user = requireUser(req.user);
          const authScope = requireRequestAuthScope(req);
          if (!uploadPath) throw new ApiError(400, "DATA_BACKUP_REQUIRED", "Select a BrainVault backup ZIP file");
          const extension = path.extname(req.file?.originalname ?? "").toLowerCase();
          if (extension && extension !== ".zip") {
            throw new ApiError(400, "INVALID_DATA_BACKUP", "Select a .zip backup exported by BrainVault");
          }
    
          const result = await importUserDataBackup(user.id, uploadPath, authScope);
          res.json({ user: toPublicUser(result.user), counts: result.counts, sharing: result.sharing });
        } catch (error) {
          next(error);
        } finally {
          if (uploadPath) await rm(uploadPath, { force: true }).catch(() => undefined);
          releaseDataImport?.();
        }
      }
    );
    
  operator: 'match'
  stack: |-
    TestContext.<anonymous> (file:///mnt/data/BrainVault_work/tests/data-restore-auth-boundary.node.test.mjs:19:10)
    async Test.run (node:internal/test_runner/test:1054:7)
    async startSubtestAfterBootstrap (node:internal/test_runner/harness:296:3)
  ...
# Subtest: standalone model reproduces stale-session restore and the durable-boundary fix
ok 395 - standalone model reproduces stale-session restore and the durable-boundary fix
  ---
  duration_ms: 65.840681
  type: 'test'
  ...
# Subtest: backup database timestamps are syntactically and calendar validated before restore
ok 396 - backup database timestamps are syntactically and calendar validated before restore
  ---
  duration_ms: 1.681882
  type: 'test'
  ...
# Subtest: backup export metadata keeps its ISO-Z format separate from SQL DATETIME fields
ok 397 - backup export metadata keeps its ISO-Z format separate from SQL DATETIME fields
  ---
  duration_ms: 0.333436
  type: 'test'
  ...
# node:internal/modules/esm/get_format:219
#   throw new ERR_UNKNOWN_FILE_EXTENSION(ext, filepath);
#         ^
# TypeError [ERR_UNKNOWN_FILE_EXTENSION]: Unknown file extension ".ts" for /mnt/data/BrainVault_work/src/lib/data-import-admission.ts
#     at Object.getFileProtocolModuleFormat [as file:] (node:internal/modules/esm/get_format:219:9)
#     at defaultGetFormat (node:internal/modules/esm/get_format:245:36)
#     at defaultLoad (node:internal/modules/esm/load:120:22)
#     at async ModuleLoader.loadAndTranslate (node:internal/modules/esm/loader:580:32) {
#   code: 'ERR_UNKNOWN_FILE_EXTENSION'
# }
# Node.js v22.16.0
# Subtest: tests/data-transfer-resource-limits.node.test.mjs
not ok 106 - tests/data-transfer-resource-limits.node.test.mjs
  ---
  duration_ms: 70.952103
  type: 'test'
  location: '/mnt/data/BrainVault_work/tests/data-transfer-resource-limits.node.test.mjs:1:1'
  failureType: 'testCodeFailure'
  exitCode: 1
  signal: ~
  error: 'test failed'
  code: 'ERR_TEST_FAILURE'
  ...
# node:internal/modules/esm/get_format:219
#   throw new ERR_UNKNOWN_FILE_EXTENSION(ext, filepath);
#         ^
# TypeError [ERR_UNKNOWN_FILE_EXTENSION]: Unknown file extension ".ts" for /mnt/data/BrainVault_work/src/lib/database-durability.ts
#     at Object.getFileProtocolModuleFormat [as file:] (node:internal/modules/esm/get_format:219:9)
#     at defaultGetFormat (node:internal/modules/esm/get_format:245:36)
#     at defaultLoad (node:internal/modules/esm/load:120:22)
#     at async ModuleLoader.loadAndTranslate (node:internal/modules/esm/loader:580:32) {
#   code: 'ERR_UNKNOWN_FILE_EXTENSION'
# }
# Node.js v22.16.0
# Subtest: tests/database-durability.node.test.mjs
not ok 107 - tests/database-durability.node.test.mjs
  ---
  duration_ms: 62.436023
  type: 'test'
  location: '/mnt/data/BrainVault_work/tests/database-durability.node.test.mjs:1:1'
  failureType: 'testCodeFailure'
  exitCode: 1
  signal: ~
  error: 'test failed'
  code: 'ERR_TEST_FAILURE'
  ...
# node:internal/modules/esm/get_format:219
#   throw new ERR_UNKNOWN_FILE_EXTENSION(ext, filepath);
#         ^
# TypeError [ERR_UNKNOWN_FILE_EXTENSION]: Unknown file extension ".ts" for /mnt/data/BrainVault_work/src/lib/database.ts
#     at Object.getFileProtocolModuleFormat [as file:] (node:internal/modules/esm/get_format:219:9)
#     at defaultGetFormat (node:internal/modules/esm/get_format:245:36)
#     at defaultLoad (node:internal/modules/esm/load:120:22)
#     at async ModuleLoader.loadAndTranslate (node:internal/modules/esm/loader:580:32) {
#   code: 'ERR_UNKNOWN_FILE_EXTENSION'
# }
# Node.js v22.16.0
# Subtest: tests/database-normalizer-parity.node.test.mjs
not ok 108 - tests/database-normalizer-parity.node.test.mjs
  ---
  duration_ms: 91.083927
  type: 'test'
  location: '/mnt/data/BrainVault_work/tests/database-normalizer-parity.node.test.mjs:1:1'
  failureType: 'testCodeFailure'
  exitCode: 1
  signal: ~
  error: 'test failed'
  code: 'ERR_TEST_FAILURE'
  ...
# Subtest: outside pointer/click targets close open database toolbar popovers
ok 401 - outside pointer/click targets close open database toolbar popovers
  ---
  duration_ms: 1.328174
  type: 'test'
  ...
# Subtest: interaction inside one open popover keeps it open while closing peers
ok 402 - interaction inside one open popover keeps it open while closing peers
  ---
  duration_ms: 0.296106
  type: 'test'
  ...
# Subtest: capture-phase dismissal is wired before database controls can rerender
ok 403 - capture-phase dismissal is wired before database controls can rerender
  ---
  duration_ms: 1.088666
  type: 'test'
  ...
# node:internal/modules/esm/get_format:219
#   throw new ERR_UNKNOWN_FILE_EXTENSION(ext, filepath);
#         ^
# TypeError [ERR_UNKNOWN_FILE_EXTENSION]: Unknown file extension ".ts" for /mnt/data/BrainVault_work/src/lib/database-url.ts
#     at Object.getFileProtocolModuleFormat [as file:] (node:internal/modules/esm/get_format:219:9)
#     at defaultGetFormat (node:internal/modules/esm/get_format:245:36)
#     at defaultLoad (node:internal/modules/esm/load:120:22)
#     at async ModuleLoader.loadAndTranslate (node:internal/modules/esm/loader:580:32) {
#   code: 'ERR_UNKNOWN_FILE_EXTENSION'
# }
# Node.js v22.16.0
# Subtest: tests/database-transport-security.node.test.mjs
not ok 110 - tests/database-transport-security.node.test.mjs
  ---
  duration_ms: 70.372026
  type: 'test'
  location: '/mnt/data/BrainVault_work/tests/database-transport-security.node.test.mjs:1:1'
  failureType: 'testCodeFailure'
  exitCode: 1
  signal: ~
  error: 'test failed'
  code: 'ERR_TEST_FAILURE'
  ...
# Subtest: URL preview hydration changes presentation only and preserves the source database value
ok 405 - URL preview hydration changes presentation only and preserves the source database value
  ---
  duration_ms: 9.424544
  type: 'test'
  ...
# Subtest: read mode swaps the URL input for a title/favicon link while write mode keeps the input
ok 406 - read mode swaps the URL input for a title/favicon link while write mode keeps the input
  ---
  duration_ms: 1.065303
  type: 'test'
  ...
# Subtest: database favicon delivery is compatible with the existing restrictive image CSP
ok 407 - database favicon delivery is compatible with the existing restrictive image CSP
  ---
  duration_ms: 0.251041
  type: 'test'
  ...
# Subtest: read mode reuses the existing secured bookmark preview API without changing save serialization
not ok 408 - read mode reuses the existing secured bookmark preview API without changing save serialization
  ---
  duration_ms: 4.486494
  type: 'test'
  location: '/mnt/data/BrainVault_work/tests/database-url-preview.node.test.mjs:115:1'
  failureType: 'testCodeFailure'
  error: |-
    The input did not match the regular expression /fetchDatabaseUrlPreview\(String\(req\.body\.url\)\)/. Input:
    
    'import { open } from "node:fs/promises";\r\n' +
      'import { pipeline } from "node:stream/promises";\r\n' +
      'import { Router, type NextFunction, type Request, type Response } from "express";\r\n' +
      'import multer from "multer";\r\n' +
      'import { z } from "zod";\r\n' +
      'import { db, transaction, type DbClient, type DbValue } from "../lib/db.js";\r\n' +
      'import { assertCurrentAuthSessionBoundary } from "../lib/auth-sessions.js";\r\n' +
      'import { createId } from "../lib/id.js";\r\n' +
      'import { env } from "../config/env.js";\r\n' +
      'import {\r\n' +
      '  attachmentFileExists,\r\n' +
      '  attachmentTempDir,\r\n' +
      '  createAttachmentFileHash,\r\n' +
      '  ensureAttachmentDirectories,\r\n' +
      '  getAttachmentFilePath,\r\n' +
      '  getAttachmentInfo,\r\n' +
      '  getAttachmentStorageUsage,\r\n' +
      '  inspectAttachmentUpload,\r\n' +
      '  lockUserAttachmentGeneration,\r\n' +
      '  moveAttachmentFile,\r\n' +
      '  removeDeletedAttachmentFiles,\r\n' +
      '  removeAttachmentPath,\r\n' +
      '  withUserAttachmentLock,\r\n' +
      '  assertAttachmentStorageLimit,\r\n' +
      '  sanitizeAttachmentDownloadFilename,\r\n' +
      '  type AttachmentMetadata\r\n' +
      '} from "../lib/attachments.js";\r\n' +
      'import { renderBlockHtml } from "../lib/markdown.js";\r\n' +
      'import { createMutationRequestHash, isMatchingMutationReplay } from "../lib/mutation.js";\r\n' +
      'import { areEquivalentPersistedValues } from "../lib/block-move-integrity.js";\r\n' +
      'import {\r\n' +
      '  assessBlockDeleteMutationReceipt,\r\n' +
      '  type BlockDeleteMutationReceipt\r\n' +
      '} from "../lib/block-delete-mutation.js";\r\n' +
      'import {\r\n' +
      '  assessBlockCreateMutationReceipt,\r\n' +
      '  type BlockCreateMutationReceipt\r\n' +
      '} from "../lib/block-create-mutation.js";\r\n' +
      'import {\r\n' +
      '  fetchAiChatImage,\r\n' +
      '  fetchBookmarkPreviewWithFallback,\r\n' +
      '  fetchDatabaseUrlPreviewWithFallback,\r\n' +
      '  getBookmarkData,\r\n' +
      '  summarizeBookmarkData\r\n' +
      '} from "../lib/bookmark.js";\r\n' +
      'import { getAiChatData, summarizeAiChatData } from "../lib/ai-chat.js";\r\n' +
      'import { getAccordionData, summarizeAccordionData } from "../lib/accordion.js";\r\n' +
      'import { getTreeViewData, summarizeTreeViewData } from "../lib/treeview.js";\r\n' +
      'import {\r\n' +
      '  assertStructuredBlockMetadataIntegrity,\r\n' +
      '  StructuredMetadataIntegrityError\r\n' +
      '} from "../lib/structured-metadata-integrity.js";\r\n' +
      'import {\r\n' +
      '  assertCanonicalStructuredMetadataModel,\r\n' +
      '  hasCanonicalStructuredMetadataPolicy,\r\n' +
      '  StructuredMetadataCanonicalityError\r\n' +
      '} from "../lib/structured-metadata-canonical.js";\r\n' +
      'import { toBlock } from "../lib/mappers.js";\r\n' +
      'import {\r\n' +
      '  BlockSortOrderIntegrityError,\r\n' +
      '  blockSortOrderLimits,\r\n' +
      '  nextBlockSortOrder\r\n' +
      '} from "../lib/block-order-integrity.js";\r\n' +
      'import {\r\n' +
      '  BlockPreserveChildrenIntegrityError,\r\n' +
      '  planBlockDeletePreservingChildren\r\n' +
      '} from "../lib/block-preserve-children.js";\r\n' +
      'import {\r\n' +
      '  assertPageCanEdit,\r\n' +
      '  assertPageNotArchived,\r\n' +
      '  canAdministerPageAccess,\r\n' +
      '  getBlockAccess,\r\n' +
      '  getPageAccess,\r\n' +
      '  type PageAccess\r\n' +
      '} from "../lib/page-access.js";\r\n' +
      'import { broadcastCanonicalAttachment } from "../lib/collaboration-server.js";\r\n' +
      'import { ensureCollaborationState } from "../lib/collaboration-lineage.js";\r\n' +
      'import {\r\n' +
      '  diffPageVersionBlocks,\r\n' +
      '  recordPageVersion,\r\n' +
      '  toPageVersionActor\r\n' +
      '} from "../lib/page-version-history.js";\r\n' +
      'import { ApiError, notFound } from "../lib/http.js";\r\n' +
      'import { requireAuth, requireRequestAuthScope, requireSameOriginCookieRequest } from "../middleware/auth.js";\r\n' +
      'import {\r\n' +
      '  attachmentUploadConcurrencyLimit,\r\n' +
      '  attachmentUploadRateLimit,\r\n' +
      '  beginAttachmentUploadProcessing\r\n' +
      '} from "../middleware/attachment-rate-limit.js";\r\n' +
      'import { bookmarkPreviewRateLimit } from "../middleware/bookmark-rate-limit.js";\r\n' +
      'import { getValidatedQuery, validate } from "../middleware/validate.js";\r\n' +
      'import { blockTypeSchema, idParamSchema, metadataSchema, requireUser, routeIdSchema, safeVersionSchema } from "../utils/schemas.js";\r\n' +
      'import type { BlockRow, PageRow } from "../types/domain.js";\r\n' +
      '\r\n' +
      'export const blockRouter = Router();\r\n' +
      '\r\n' +
      'blockRouter.use(requireAuth);\r\n' +
      '\r\n' +
      'const blockSortOrderSchema = z.number().int()\r\n' +
      '  .min(blockSortOrderLimits.min)\r\n' +
      '  .max(blockSortOrderLimits.max);\r\n' +
      'const mutationIdSchema = z.string().min(1).max(64).regex(/^[a-zA-Z0-9_-]+$/);\r\n' +
      '\r\n' +
      'const createBlockSchema = z.object({\r\n' +
      '  type: blockTypeSchema.default("MARKDOWN"),\r\n' +
      '  markdown: z.string().max(20_000).default(""),\r\n' +
      '  checked: z.boolean().optional(),\r\n' +
      '  parentBlockId: routeIdSchema.nullable().optional(),\r\n' +
      '  sortOrder: blockSortOrderSchema.optional(),\r\n' +
      '  metadata: metadataSchema,\r\n' +
      '  basePageContentVersion: safeVersionSchema.optional(),\r\n' +
      '  mutationId: mutationIdSchema.optional()\r\n' +
      '});\r\n' +
      '\r\n' +
      'const updateBlockSchema = z.object({\r\n' +
      '  type: blockTypeSchema.optional(),\r\n' +
      '  markdown: z.string().max(20_000).optional(),\r\n' +
      '  checked: z.boolean().optional(),\r\n' +
      '  parentBlockId: routeIdSchema.nullable().optional(),\r\n' +
      '  sortOrder: blockSortOrderSchema.optional(),\r\n' +
      '  metadata: metadataSchema.nullable().optional(),\r\n' +
      '  expectedVersion: safeVersionSchema,\r\n' +
      '  basePageContentVersion: safeVersionSchema.optional(),\r\n' +
      '  mutationId: mutationIdSchema.optional()\r\n' +
      '});\r\n' +
      '\r\n' +
      'const versionSnapshotSchema = z.object({\r\n' +
      '  id: routeIdSchema,\r\n' +
      '  version: safeVersionSchema\r\n' +
      '});\r\n' +
      '\r\n' +
      'const deleteBlockSchema = z\r\n' +
      '  .object({\r\n' +
      '    expectedVersions: z.array(versionSnapshotSchema).max(10_000).optional(),\r\n' +
      '    preserveChildren: z.boolean().optional().default(false),\r\n' +
      '    expectedPageContentVersion: safeVersionSchema.optional(),\r\n' +
      '    mutationId: mutationIdSchema.optional()\r\n' +
      '  })\r\n' +
      '  .superRefine((body, context) => {\r\n' +
      '    if (body.preserveChildren && body.expectedPageContentVersion === undefined) {\r\n' +
      '      context.addIssue({\r\n' +
      '        code: z.ZodIssueCode.custom,\r\n' +
      '        path: ["expectedPageContentVersion"],\r\n' +
      '        message: "The current page content version is required when preserving child blocks"\r\n' +
      '      });\r\n' +
      '    }\r\n' +
      '  })\r\n' +
      '  .default({});\r\n' +
      '\r\n' +
      'const moveBlockSchema = z.object({\r\n' +
      '  targetPageId: routeIdSchema,\r\n' +
      '  expectedVersions: z.array(versionSnapshotSchema).min(1).max(10_000),\r\n' +
      '  expectedSourcePageContentVersion: safeVersionSchema,\r\n' +
      '  mutationId: mutationIdSchema\r\n' +
      '});\r\n' +
      '\r\n' +
      'type BlockMoveMutationReceipt = {\r\n' +
      '  block_id: string;\r\n' +
      '  source_page_id: string;\r\n' +
      '  target_page_id: string;\r\n' +
      '  request_hash: string;\r\n' +
      '  moved_block_ids: string | string[];\r\n' +
      '  source_page_content_version: number;\r\n' +
      '  target_page_content_version: number;\r\n' +
      '};\r\n' +
      '\r\n' +
      'const bookmarkPreviewSchema = z.object({\r\n' +
      '  url: z.string().trim().min(1).max(2_048),\r\n' +
      '  mode: z.enum(["bookmark", "database-url"]).default("bookmark")\r\n' +
      '});\r\n' +
      '\r\n' +
      'const aiChatImageQuerySchema = z.object({\r\n' +
      '  url: z.string().trim().min(1).max(2_048)\r\n' +
      '});\r\n' +
      '\r\n' +
      'function assertLosslessStructuredMetadata(type: BlockRow["type"], metadata: unknown) {\r\n' +
      '  try {\r\n' +
      '    const validated = assertStructuredBlockMetadataIntegrity(type, metadata);\r\n' +
      '    return validated === undefined ? metadata : validated;\r\n' +
      '  } catch (error) {\r\n' +
      '    if (error instanceof StructuredMetadataIntegrityError) {\r\n' +
      '      throw new ApiError(\r\n' +
      '        400,\r\n' +
      '        "BLOCK_METADATA_WOULD_TRUNCATE",\r\n' +
      '        "Structured block data exceeds the lossless storage limits. Nothing was saved.",\r\n' +
      '        { path: error.path, reason: error.message }\r\n' +
      '      );\r\n' +
      '    }\r\n' +
      '    throw error;\r\n' +
      '  }\r\n' +
      '}\r\n' +
      '\r\n' +
      'function assertExistingMetadataSafeToOverwrite(existing: BlockRow) {\r\n' +
      '  try {\r\n' +
      '    assertStructuredBlockMetadataIntegrity(existing.type, existing.metadata);\r\n' +
      '  } catch (error) {\r\n' +
      '    if (error instanceof StructuredMetadataIntegrityError) {\r\n' +
      '      throw new ApiError(\r\n' +
      '        409,\r\n' +
      '        "BLOCK_METADATA_RECOVERY_REQUIRED",\r\n' +
      '        "Stored block metadata failed integrity validation. The original data was preserved and must be recovered or repaired explicitly.",\r\n' +
      '        { path: error.path, reason: error.message }\r\n' +
      '      );\r\n' +
      '    }\r\n' +
      '    throw error;\r\n' +
      '  }\r\n' +
      '}\r\n' +
      '\r\n' +
      'function assertCanonicalStructuredMetadataPayload(\r\n' +
      '  targetType: BlockRow["type"],\r\n' +
      '  requestedMetadata: unknown\r\n' +
      ') {\r\n' +
      '  if (!hasCanonicalStructuredMetadataPolicy(targetType)) return;\r\n' +
      '\r\n' +
      '  // Structured editors keep their authoritative user data in metadata, and some\r\n' +
      '  // regenerate markdown from that model. Presence alone is insufficient: a nested\r\n' +
      '  // empty or partial object can pass shape validation and then acquire destructive\r\n' +
      '  // defaults during normalization. Require an exact canonical round trip before any\r\n' +
      '  // derived content is prepared or persisted.\r\n' +
      '  const validatedMetadata = assertLosslessStructuredMetadata(targetType, requestedMetadata);\r\n' +
      '  try {\r\n' +
      '    assertCanonicalStructuredMetadataModel(targetType, validatedMetadata);\r\n' +
      '  } catch (error) {\r\n' +
      '    if (error instanceof StructuredMetadataCanonicalityError) {\r\n' +
      '      throw new ApiError(\r\n' +
      '        400,\r\n' +
      '        "BLOCK_TYPE_METADATA_REQUIRED",\r\n' +
      '        `Saving ${targetType} metadata requires a complete canonical ${error.metadataKey} model. Nothing was saved.`\r\n' +
      '      );\r\n' +
      '    }\r\n' +
      '    throw error;\r\n' +
      '  }\r\n' +
      '}\r\n' +
      '\r\n' +
      'function assertSafeStructuredMetadataWrite(\r\n' +
      '  existingType: BlockRow["type"],\r\n' +
      '  requestedType: BlockRow["type"] | undefined,\r\n' +
      '  requestedMetadata: unknown\r\n' +
      ') {\r\n' +
      '  const targetType = requestedType ?? existingType;\r\n' +
      '  if (!hasCanonicalStructuredMetadataPolicy(targetType)) return;\r\n' +
      '\r\n' +
      '  const changesType = requestedType !== undefined && requestedType !== existingType;\r\n' +
      '  const replacesMetadata = requestedMetadata !== undefined;\r\n' +
      '  if (!changesType && !replacesMetadata) return;\r\n' +
      '\r\n' +
      '  assertCanonicalStructuredMetadataPayload(targetType, requestedMetadata);\r\n' +
      '}\r\n' +
      '\r\n' +
      'function prepareBlockContent(type: BlockRow["type"], markdown: string, metadata: unknown) {\r\n' +
      '  if (type === "BOOKMARK") {\r\n' +
      '    return {\r\n' +
      '      markdown: summarizeBookmarkData(getBookmarkData(metadata)),\r\n' +
      '      // Never replace the source payload with a display-normalized projection.\r\n' +
      '      metadata\r\n' +
      '    };\r\n' +
      '  }\r\n' +
      '\r\n' +
      '  if (type === "AI_CHAT") {\r\n' +
      '    return {\r\n' +
      '      markdown: summarizeAiChatData(getAiChatData(metadata)),\r\n' +
      '      // Derived markdown may be bounded; the authoritative metadata must remain exact.\r\n' +
      '      metadata\r\n' +
      '    };\r\n' +
      '  }\r\n' +
      '\r\n' +
      '  if (type === "ACCORDION") {\r\n' +
      '    return {\r\n' +
      '      markdown: summarizeAccordionData(getAccordionData(metadata)),\r\n' +
      '      metadata\r\n' +
      '    };\r\n' +
      '  }\r\n' +
      '\r\n' +
      '  if (type === "TREEVIEW") {\r\n' +
      '    return {\r\n' +
      '      markdown: summarizeTreeViewData(getTreeViewData(metadata)),\r\n' +
      '      metadata\r\n' +
      '    };\r\n' +
      '  }\r\n' +
      '\r\n' +
      '  return { markdown, metadata };\r\n' +
      '}\r\n' +
      '\r\n' +
      'function isDuplicateEntryError(error: unknown) {\r\n' +
      '  i'... 86422 more characters
    
  code: 'ERR_ASSERTION'
  name: 'AssertionError'
  expected:
  actual: |-
    import { open } from "node:fs/promises";
    import { pipeline } from "node:stream/promises";
    import { Router, type NextFunction, type Request, type Response } from "express";
    import multer from "multer";
    import { z } from "zod";
    import { db, transaction, type DbClient, type DbValue } from "../lib/db.js";
    import { assertCurrentAuthSessionBoundary } from "../lib/auth-sessions.js";
    import { createId } from "../lib/id.js";
    import { env } from "../config/env.js";
    import {
      attachmentFileExists,
      attachmentTempDir,
      createAttachmentFileHash,
      ensureAttachmentDirectories,
      getAttachmentFilePath,
      getAttachmentInfo,
      getAttachmentStorageUsage,
      inspectAttachmentUpload,
      lockUserAttachmentGeneration,
      moveAttachmentFile,
      removeDeletedAttachmentFiles,
      removeAttachmentPath,
      withUserAttachmentLock,
      assertAttachmentStorageLimit,
      sanitizeAttachmentDownloadFilename,
      type AttachmentMetadata
    } from "../lib/attachments.js";
    import { renderBlockHtml } from "../lib/markdown.js";
    import { createMutationRequestHash, isMatchingMutationReplay } from "../lib/mutation.js";
    import { areEquivalentPersistedValues } from "../lib/block-move-integrity.js";
    import {
      assessBlockDeleteMutationReceipt,
      type BlockDeleteMutationReceipt
    } from "../lib/block-delete-mutation.js";
    import {
      assessBlockCreateMutationReceipt,
      type BlockCreateMutationReceipt
    } from "../lib/block-create-mutation.js";
    import {
      fetchAiChatImage,
      fetchBookmarkPreviewWithFallback,
      fetchDatabaseUrlPreviewWithFallback,
      getBookmarkData,
      summarizeBookmarkData
    } from "../lib/bookmark.js";
    import { getAiChatData, summarizeAiChatData } from "../lib/ai-chat.js";
    import { getAccordionData, summarizeAccordionData } from "../lib/accordion.js";
    import { getTreeViewData, summarizeTreeViewData } from "../lib/treeview.js";
    import {
      assertStructuredBlockMetadataIntegrity,
      StructuredMetadataIntegrityError
    } from "../lib/structured-metadata-integrity.js";
    import {
      assertCanonicalStructuredMetadataModel,
      hasCanonicalStructuredMetadataPolicy,
      StructuredMetadataCanonicalityError
    } from "../lib/structured-metadata-canonical.js";
    import { toBlock } from "../lib/mappers.js";
    import {
      BlockSortOrderIntegrityError,
      blockSortOrderLimits,
      nextBlockSortOrder
    } from "../lib/block-order-integrity.js";
    import {
      BlockPreserveChildrenIntegrityError,
      planBlockDeletePreservingChildren
    } from "../lib/block-preserve-children.js";
    import {
      assertPageCanEdit,
      assertPageNotArchived,
      canAdministerPageAccess,
      getBlockAccess,
      getPageAccess,
      type PageAccess
    } from "../lib/page-access.js";
    import { broadcastCanonicalAttachment } from "../lib/collaboration-server.js";
    import { ensureCollaborationState } from "../lib/collaboration-lineage.js";
    import {
      diffPageVersionBlocks,
      recordPageVersion,
      toPageVersionActor
    } from "../lib/page-version-history.js";
    import { ApiError, notFound } from "../lib/http.js";
    import { requireAuth, requireRequestAuthScope, requireSameOriginCookieRequest } from "../middleware/auth.js";
    import {
      attachmentUploadConcurrencyLimit,
      attachmentUploadRateLimit,
      beginAttachmentUploadProcessing
    } from "../middleware/attachment-rate-limit.js";
    import { bookmarkPreviewRateLimit } from "../middleware/bookmark-rate-limit.js";
    import { getValidatedQuery, validate } from "../middleware/validate.js";
    import { blockTypeSchema, idParamSchema, metadataSchema, requireUser, routeIdSchema, safeVersionSchema } from "../utils/schemas.js";
    import type { BlockRow, PageRow } from "../types/domain.js";
    
    export const blockRouter = Router();
    
    blockRouter.use(requireAuth);
    
    const blockSortOrderSchema = z.number().int()
      .min(blockSortOrderLimits.min)
      .max(blockSortOrderLimits.max);
    const mutationIdSchema = z.string().min(1).max(64).regex(/^[a-zA-Z0-9_-]+$/);
    
    const createBlockSchema = z.object({
      type: blockTypeSchema.default("MARKDOWN"),
      markdown: z.string().max(20_000).default(""),
      checked: z.boolean().optional(),
      parentBlockId: routeIdSchema.nullable().optional(),
      sortOrder: blockSortOrderSchema.optional(),
      metadata: metadataSchema,
      basePageContentVersion: safeVersionSchema.optional(),
      mutationId: mutationIdSchema.optional()
    });
    
    const updateBlockSchema = z.object({
      type: blockTypeSchema.optional(),
      markdown: z.string().max(20_000).optional(),
      checked: z.boolean().optional(),
      parentBlockId: routeIdSchema.nullable().optional(),
      sortOrder: blockSortOrderSchema.optional(),
      metadata: metadataSchema.nullable().optional(),
      expectedVersion: safeVersionSchema,
      basePageContentVersion: safeVersionSchema.optional(),
      mutationId: mutationIdSchema.optional()
    });
    
    const versionSnapshotSchema = z.object({
      id: routeIdSchema,
      version: safeVersionSchema
    });
    
    const deleteBlockSchema = z
      .object({
        expectedVersions: z.array(versionSnapshotSchema).max(10_000).optional(),
        preserveChildren: z.boolean().optional().default(false),
        expectedPageContentVersion: safeVersionSchema.optional(),
        mutationId: mutationIdSchema.optional()
      })
      .superRefine((body, context) => {
        if (body.preserveChildren && body.expectedPageContentVersion === undefined) {
          context.addIssue({
            code: z.ZodIssueCode.custom,
            path: ["expectedPageContentVersion"],
            message: "The current page content version is required when preserving child blocks"
          });
        }
      })
      .default({});
    
    const moveBlockSchema = z.object({
      targetPageId: routeIdSchema,
      expectedVersions: z.array(versionSnapshotSchema).min(1).max(10_000),
      expectedSourcePageContentVersion: safeVersionSchema,
      mutationId: mutationIdSchema
    });
    
    type BlockMoveMutationReceipt = {
      block_id: string;
      source_page_id: string;
      target_page_id: string;
      request_hash: string;
      moved_block_ids: string | string[];
      source_page_content_version: number;
      target_page_content_version: number;
    };
    
    const bookmarkPreviewSchema = z.object({
      url: z.string().trim().min(1).max(2_048),
      mode: z.enum(["bookmark", "database-url"]).default("bookmark")
    });
    
    const aiChatImageQuerySchema = z.object({
      url: z.string().trim().min(1).max(2_048)
    });
    
    function assertLosslessStructuredMetadata(type: BlockRow["type"], metadata: unknown) {
      try {
        const validated = assertStructuredBlockMetadataIntegrity(type, metadata);
        return validated === undefined ? metadata : validated;
      } catch (error) {
        if (error instanceof StructuredMetadataIntegrityError) {
          throw new ApiError(
            400,
            "BLOCK_METADATA_WOULD_TRUNCATE",
            "Structured block data exceeds the lossless storage limits. Nothing was saved.",
            { path: error.path, reason: error.message }
          );
        }
        throw error;
      }
    }
    
    function assertExistingMetadataSafeToOverwrite(existing: BlockRow) {
      try {
        assertStructuredBlockMetadataIntegrity(existing.type, existing.metadata);
      } catch (error) {
        if (error instanceof StructuredMetadataIntegrityError) {
          throw new ApiError(
            409,
            "BLOCK_METADATA_RECOVERY_REQUIRED",
            "Stored block metadata failed integrity validation. The original data was preserved and must be recovered or repaired explicitly.",
            { path: error.path, reason: error.message }
          );
        }
        throw error;
      }
    }
    
    function assertCanonicalStructuredMetadataPayload(
      targetType: BlockRow["type"],
      requestedMetadata: unknown
    ) {
      if (!hasCanonicalStructuredMetadataPolicy(targetType)) return;
    
      // Structured editors keep their authoritative user data in metadata, and some
      // regenerate markdown from that model. Presence alone is insufficient: a nested
      // empty or partial object can pass shape validation and then acquire destructive
      // defaults during normalization. Require an exact canonical round trip before any
      // derived content is prepared or persisted.
      const validatedMetadata = assertLosslessStructuredMetadata(targetType, requestedMetadata);
      try {
        assertCanonicalStructuredMetadataModel(targetType, validatedMetadata);
      } catch (error) {
        if (error instanceof StructuredMetadataCanonicalityError) {
          throw new ApiError(
            400,
            "BLOCK_TYPE_METADATA_REQUIRED",
            `Saving ${targetType} metadata requires a complete canonical ${error.metadataKey} model. Nothing was saved.`
          );
        }
        throw error;
      }
    }
    
    function assertSafeStructuredMetadataWrite(
      existingType: BlockRow["type"],
      requestedType: BlockRow["type"] | undefined,
      requestedMetadata: unknown
    ) {
      const targetType = requestedType ?? existingType;
      if (!hasCanonicalStructuredMetadataPolicy(targetType)) return;
    
      const changesType = requestedType !== undefined && requestedType !== existingType;
      const replacesMetadata = requestedMetadata !== undefined;
      if (!changesType && !replacesMetadata) return;
    
      assertCanonicalStructuredMetadataPayload(targetType, requestedMetadata);
    }
    
    function prepareBlockContent(type: BlockRow["type"], markdown: string, metadata: unknown) {
      if (type === "BOOKMARK") {
        return {
          markdown: summarizeBookmarkData(getBookmarkData(metadata)),
          // Never replace the source payload with a display-normalized projection.
          metadata
        };
      }
    
      if (type === "AI_CHAT") {
        return {
          markdown: summarizeAiChatData(getAiChatData(metadata)),
          // Derived markdown may be bounded; the authoritative metadata must remain exact.
          metadata
        };
      }
    
      if (type === "ACCORDION") {
        return {
          markdown: summarizeAccordionData(getAccordionData(metadata)),
          metadata
        };
      }
    
      if (type === "TREEVIEW") {
        return {
          markdown: summarizeTreeViewData(getTreeViewData(metadata)),
          metadata
        };
      }
    
      return { markdown, metadata };
    }
    
    function isDuplicateEntryError(error: unknown) {
      if (!error || typeof error !== "object") return false;
      const candidate = error as { code?: unknown; errno?: unknown };
      return candidate.code === "ER_DUP_ENTRY" || Number(candidate.errno) === 1062;
    }
    
    async function lockBlockCreateUsers(client: DbClient, userIds: string[]) {
      const uniqueIds = [...new Set(userIds)].sort();
      const rows = await client.query<{ id: string }>(
        `SELECT id FROM users WHERE id IN (${uniqueIds.map(() => "?").join(", ")}) ORDER BY id ASC FOR UPDATE`,
        uniqueIds
      );
      if (rows.length !== uniqueIds.length) throw notFound("User");
    }
    
    async function reserveBlockCreateMutation(
      client: DbClient,
      input: {
        actorId: string;
        mutationId: string | undefined;
        pageId: string;
        blockId: string;
        requestHash: string | undefined;
        workspaceGeneration: number;
        workspaceOwnerId: string;
        ownerWorkspaceGeneration: number;
      }
    ): Promise<{ kind: "new" } | { kind: "replay"; block: BlockRow }> {
      if (!input.mutationId || !input.requestHash) return { kind: "new" };
    
      try {
        await client.execute(
          `INSERT INTO block_create_mutations
             (actor_id, mutation_id, page_id, block_id, request_hash,
              workspace_generation, workspace_owner_id, owner_workspace_generation)
           VALUES (?, ?, ?, ?, ?, ?, ?, ?)`,
          [
            input.actorId,
            input.mutationId,
            input.pageId,
            input.blockId,
            input.requestHash,
            input.workspaceGeneration,
            input.workspaceOwnerId,
            input.ownerWorkspaceGeneration
          ]
        );
        return { kind: "new" };
      } catch (error) {
        if (!isDuplicateEntryError(error)) throw error;
      }
    
      const receipt = await client.queryOne<BlockCreateMutationReceipt>(
        `SELECT page_id, block_id, request_hash, workspace_generation,
                workspace_owner_id, owner_workspace_generation
         FROM block_create_mutations
         WHERE actor_id = ? AND mutation_id = ?
         FOR UPDATE`,
        [input.actorId, input.mutationId]
      );
      if (!receipt) {
        throw new ApiError(500, "BLOCK_CREATE_RECEIPT_MISSING", "The block creation receipt is unavailable");
      }
    
      const assessment = assessBlockCreateMutationReceipt(receipt, {
        pageId: input.pageId,
        requestHash: input.requestHash,
        workspaceGeneration: input.workspaceGeneration,
        workspaceOwnerId: input.workspaceOwnerId,
        ownerWorkspaceGeneration: input.ownerWorkspaceGeneration
      });
      if (assessment.kind === "collision") {
        throw new ApiError(
          409,
          "MUTATION_ID_REUSED",
          "This mutation id was already used for a different block creation request. No additional block was created."
        );
      }
      if (assessment.kind === "superseded") {
        throw new ApiError(
          409,
          "BLOCK_CREATE_REPLAY_SUPERSEDED",
          "This block creation receipt belongs to an earlier workspace generation. No additional block was created."
        );
      }
      if (assessment.kind !== "replay") {
        throw new ApiError(500, "BLOCK_CREATE_RECEIPT_MISSING", "The block creation receipt is unavailable");
      }
    
      const block = await client.queryOne<BlockRow>(
        "SELECT * FROM blocks WHERE id = ? AND page_id = ?",
        [assessment.blockId, input.pageId]
      );
      if (!block) {
        throw new ApiError(
          409,
          "BLOCK_CREATE_REPLAY_UNAVAILABLE",
          "This block creation was already completed, but the created block is no longer available. No additional block was created."
        );
      }
      return { kind: "replay", block };
    }
    
    const reorderSchema = z.object({
      mutationId: mutationIdSchema.optional(),
      items: z
        .array(
          z.object({
            id: routeIdSchema,
            sortOrder: blockSortOrderSchema,
            parentBlockId: routeIdSchema.nullable().optional(),
            expectedVersion: safeVersionSchema
          })
        )
        .min(1)
        .max(500)
    });
    
    const attachmentFormSchema = z.object({
      parentBlockId: z.preprocess(
        (value) => {
          if (value === undefined || value === null) return null;
          if (typeof value !== "string") return value;
          return value.trim() || null;
        },
        routeIdSchema.nullable()
      ),
      sortOrder: z.preprocess(
        (value) => (value === undefined || value === "" ? undefined : Number(value)),
        blockSortOrderSchema.optional()
      ),
      basePageContentVersion: z.preprocess(
        (value) => (value === undefined || value === "" ? undefined : Number(value)),
        safeVersionSchema.optional()
      ),
      mutationId: z.preprocess(
        (value) => (typeof value === "string" && value.trim() ? value.trim() : undefined),
        mutationIdSchema.optional()
      )
    });
    
    const maxAttachmentUploadBytes = env.MAX_ATTACHMENT_SIZE_MB * 1024 * 1024;
    const maxAttachmentMultipartOverheadBytes = 1024 * 1024;
    
    function enforceAttachmentUploadRequestSize(req: Request, _res: Response, next: NextFunction) {
      const rawContentLength = req.headers["content-length"];
      if (rawContentLength === undefined) {
        next();
        return;
      }
      const contentLength = Number(rawContentLength);
      if (!Number.isSafeInteger(contentLength) || contentLength < 0) {
        next(new ApiError(400, "INVALID_CONTENT_LENGTH", "Content-Length is invalid"));
        return;
      }
      if (contentLength > maxAttachmentUploadBytes + maxAttachmentMultipartOverheadBytes) {
        next(new ApiError(413, "ATTACHMENT_TOO_LARGE", "Attachment exceeds the configured size limit"));
        return;
      }
      next();
    }
    
    const attachmentUploadLimits = {
      fileSize: maxAttachmentUploadBytes,
      files: 1,
      fields: 5,
      parts: 7,
      fieldNameSize: 64,
      fieldSize: 16 * 1024,
      headerPairs: 32,
      fieldNestingDepth: 1,
      fieldArrayIndexLimit: 0
    };
    
    const attachmentUpload = multer({
      storage: multer.diskStorage({
        destination: (_req, _file, callback) => {
          ensureAttachmentDirectories()
            .then(() => callback(null, attachmentTempDir))
            .catch((error) => callback(error, attachmentTempDir));
        },
        filename: (_req, _file, callback) => callback(null, createId("upload"))
      }),
      limits: attachmentUploadLimits,
      preservePath: false,
      defParamCharset: "utf8"
    });
    
    blockRouter.post(
      "/bookmarks/preview",
      bookmarkPreviewRateLimit,
      validate({ body: bookmarkPreviewSchema }),
      async (req, res, next) => {
        try {
          if (req.body.mode === "database-url") {
            const preview = await fetchDatabaseUrlPreviewWithFallback(String(req.body.url));
            res.json({ preview });
            return;
          }
          const result = await fetchBookmarkPreviewWithFallback(String(req.body.url));
          res.json(result);
        } catch (error) {
          next(error);
        }
      }
    );
    
    blockRouter.get(
      "/ai-chat/image",
      requireSameOriginCookieRequest,
      bookmarkPreviewRateLimit,
      validate({ query: aiChatImageQuerySchema }),
      async (req, res, next) => {
        try {
          const { url } = getValidatedQuery<z.infer<typeof aiChatImageQuerySchema>>(req);
          const image = await fetchAiChatImage(url);
          res.setHeader("Cache-Control", "private, max-age=3600");
          res.setHeader("Content-Type", image.contentType);
          res.setHeader("Content-Length", String(image.bytes.length));
          res.setHeader("Cross-Origin-Resource-Policy", "same-origin");
          res.setHeader("X-Content-Type-Options", "nosniff");
          res.send(image.bytes);
        } catch (error) {
          next(error);
        }
      }
    );
    
    function getNextBlockSortOrder(lastSortOrder: number | null | undefined) {
      try {
        return nextBlockSortOrder(lastSortOrder);
      } catch (error) {
        if (error instanceof BlockSortOrderIntegrityError) {
          throw new ApiError(
            409,
            "BLOCK_ORDER_RANGE_EXHAUSTED",
            "The block list cannot accept another automatically positioned block until it is reordered. Nothing was saved.",
            { reason: error.code, sortOrder: error.value }
          );
        }
        throw error;
      }
    }
    
    async function getCollisionFreeBlockCreateSortOrder(
      client: DbClient,
      pageId: string,
      parentBlockId: string | null | undefined,
      requestedSortOrder: number | undefined
    ) {
      if (requestedSortOrder !== undefined) {
        const collision = await client.queryOne<{ id: string }>(
          `SELECT id FROM blocks
           WHERE page_id = ? AND parent_block_id <=> ? AND sort_order = ?
           LIMIT 1`,
          [pageId, parentBlockId ?? null, requestedSortOrder]
        );
        if (!collision) return requestedSortOrder;
      }
    
      // Block creation is a sparse mutation: it must never manufacture duplicate
      // sibling positions while waiting for the caller's complete reorder snapshot.
      // If the requested slot is occupied, append without changing existing sibling
      // edit versions; the reorder endpoint can then apply the intended full order.
      const lastBlock = await client.queryOne<{ sort_order: number }>(
        "SELECT sort_order FROM blocks WHERE page_id = ? AND parent_block_id <=> ? ORDER BY sort_order DESC LIMIT 1",
        [pageId, parentBlockId ?? null]
      );
      return getNextBlockSortOrder(lastBlock?.sort_order);
    }
    
    async function assertAccessibleBlock(blockId: string, userId: string, client: DbClient = db) {
      return getBlockAccess(blockId, userId, client);
    }
    
    type PageMutationAdmission = Readonly<{
      ownerId: string;
      ownerWorkspaceGeneration: number;
      actorShareGeneration: string | null;
      isArchived: boolean;
    }>;
    
    async function capturePageMutationAdmission(pageId: string, userId: string): Promise<PageMutationAdmission> {
      // Capture the page lineage, owner's workspace generation, archived state,
      // and effective grant from one database snapshot. Splitting these reads can
      // admit a stale collaborator upload across a workspace restore that reuses
      // the same stable page and share identifiers.
      const row = await db.queryOne<{
        owner_id: string;
        attachment_generation: number | bigint | string;
        access_share_generation: string | null;
        is_archived: number | boolean;
      }>(
        `SELECT p.owner_id, u.attachment_generation, p.is_archived,
                CASE
                  WHEN p.owner_id = ? THEN NULL
                  WHEN cs.user_id IS NOT NULL THEN cs.generation
                  ELSE ps.generation
                END AS access_share_generation
         FROM pages p
         INNER JOIN users u ON u.id = p.owner_id
         LEFT JOIN page_collection_memberships pcm ON pcm.page_id = p.id
         LEFT JOIN collection_shares cs
           ON cs.collection_id = pcm.collection_id AND cs.user_id = ?
         LEFT JOIN page_shares ps
           ON ps.page_id = p.id AND ps.user_id = ? AND ps.permission = 'EDIT'
         WHERE p.id = ?
           AND (
             p.owner_id = ?
             OR (cs.user_id IS NOT NULL AND cs.permission IN ('WRITE', 'ADMIN'))
             OR (cs.user_id IS NULL AND ps.user_id IS NOT NULL)
           )`,
        [userId, userId, userId, pageId, userId]
      );
      if (!row) throw notFound("Page");
    
      const ownerWorkspaceGeneration = Number(row.attachment_generation);
      if (!Number.isSafeInteger(ownerWorkspaceGeneration) || ownerWorkspaceGeneration < 1) {
        throw new Error(`Invalid workspace generation for page owner: ${row.owner_id}`);
      }
      const actorShareGeneration = row.owner_id === userId ? null : row.access_share_generation;
      if (row.owner_id !== userId && !actorShareGeneration) {
        throw new Error(`Missing collaborator share generation for page: ${pageId}`);
      }
      return Object.freeze({
        ownerId: row.owner_id,
        ownerWorkspaceGeneration,
        actorShareGeneration,
        isArchived: Boolean(row.is_archived)
      });
    }
    
    function assertPageOwnerWorkspaceGeneration(expected: number, current: number) {
      if (current === expected) return;
      throw new ApiError(
        409,
        "WORKSPACE_RESTORED",
        "The page owner's workspace was restored while this request was in progress. Refresh before retrying."
      );
    }
    
    function assertDirectBlockMutationAllowed(access: Pick<PageAccess, "role" | "shareCount">) {
      assertPageCanEdit(access);
      if (access.shareCount > 0) {
        throw new ApiError(
          409,
          "COLLABORATION_REQUIRED",
          "This shared page must be edited through its real-time collaboration session"
        );
      }
    }
    
    type AttachmentUploadTarget = Readonly<{
      actorId: string;
      pageId: string;
      ownerId: string;
      ownerWorkspaceGeneration: number;
      actorShareGeneration: string | null;
    }>;
    
    async function authorizeAttachmentUploadTarget(req: Request, res: Response, next: NextFunction) {
      try {
        const user = requireUser(req.user);
        const pageId = String(req.params.pageId);
        const admission = await capturePageMutationAdmission(pageId, user.id);
        if (admission.isArchived) {
          throw new ApiError(409, "PAGE_ARCHIVED", "Restore the page before adding an attachment");
        }
        res.locals.attachmentUploadTarget = Object.freeze({
          actorId: user.id,
          pageId,
          ownerId: admission.ownerId,
          ownerWorkspaceGeneration: admission.ownerWorkspaceGeneration,
          actorShareGeneration: admission.actorShareGeneration
        } satisfies AttachmentUploadTarget);
        next();
      } catch (error) {
        next(error);
      }
    }
    
    function requireAttachmentUploadTarget(res: Response, actorId: string, pageId: string) {
      const target = res.locals.attachmentUploadTarget as AttachmentUploadTarget | undefined;
      if (!target || target.actorId !== actorId || target.pageId !== pageId || !target.ownerId) {
        throw new ApiError(500, "ATTACHMENT_UPLOAD_TARGET_MISSING", "Attachment upload authorization is unavailable");
      }
      return target;
    }
    
    async function advancePageContentVersion(
      client: DbClient,
      pageId: string,
      ownerId: string,
      onCommittedPage?: (page: PageRow) => void
    ) {
      const result = await client.execute<{ affectedRows: number }>(
        "UPDATE pages SET content_version = content_version + 1 WHERE id = ? AND owner_id = ? AND content_version < ?",
        [pageId, ownerId, Number.MAX_SAFE_INTEGER]
      );
      if (Number(result.affectedRows) !== 1) {
        const page = await client.queryOne<Pick<PageRow, "id">>(
          "SELECT id FROM pages WHERE id = ? AND owner_id = ?",
          [pageId, ownerId]
        );
        if (!page) throw notFound("Page");
        throw new ApiError(
          409,
          "PAGE_EDIT_CONFLICT",
          "This page can no longer accept block changes because its content version reached the supported limit."
        );
      }
      const page = await client.queryOne<PageRow>(
        "SELECT * FROM pages WHERE id = ? AND owner_id = ?",
        [pageId, ownerId]
      );
      if (!page) throw notFound("Page");
      // Reuse this already-required, transaction-protected read for response
      // metadata; no extra query and no change to mutation/access validation.
      onCommittedPage?.(page);
      return Number(page.content_version ?? 1);
    }
    
    function partialMutationVersionPayload(pageContentVersion: number, authoritative: boolean) {
      return {
        // Omit the global token unless this response proves that the caller's full
        // page snapshot was current. Older clients then fail conservatively too:
        // Number(undefined) is not applied by applyPageContentVersion().
        pageContentVersion: authoritative ? pageContentVersion : undefined,
        pageContentVersionAuthoritative: authoritative
      };
    }
    
    function isAuthoritativePartialMutationReplay(basePageContentVersion: number | undefined, currentVersion: number) {
      return basePageContentVersion !== undefined && currentVersion === basePageContentVersion + 1;
    }
    
    async function assertParentBlock(parentBlockId: string | null | undefined, pageId: string, client: DbClient = db) {
      if (!parentBlockId) return;
      const parent = await client.queryOne("SELECT id FROM blocks WHERE id = ? AND page_id = ?", [parentBlockId, pageId]);
      if (!parent) throw new ApiError(400, "INVALID_PARENT_BLOCK", "Parent block must exist on the same page");
    }
    
    function assertReorderDoesNotCreateCycle(
      rows: Array<{ id: string; parent_block_id: string | null }>,
      items: Array<{ id: string; parentBlockId?: string | null }>
    ) {
      const parentById = new Map(rows.map((row) => [row.id, row.parent_block_id]));
      for (const item of items) {
        if (item.parentBlockId !== undefined) parentById.set(item.id, item.parentBlockId);
      }
      for (const startId of parentById.keys()) {
        const path = new Set<string>();
        let currentId: string | null | undefined = startId;
        while (currentId) {
          if (path.has(currentId)) {
            throw new ApiError(400, "INVALID_PARENT_BLOCK", "Block hierarchy cannot contain a cycle");
          }
          path.add(currentId);
          currentId = parentById.get(currentId);
        }
      }
    }
    
    function collectBlockSubtreeRows<T extends { id: string; parent_block_id: string | null }>(
      rootBlockId: string,
      rows: T[]
    ) {
      const children = new Map<string, string[]>();
      for (const row of rows) {
        if (!row.parent_block_id) continue;
        const group = children.get(row.parent_block_id) ?? [];
        group.push(row.id);
        children.set(row.parent_block_id, group);
      }
    
      const rowById = new Map(rows.map((row) => [row.id, row]));
      const pending = [rootBlockId];
      const subtreeRows: T[] = [];
      const visited = new Set<string>();
      while (pending.length) {
        const id = pending.pop();
        if (!id || visited.has(id)) continue;
        visited.add(id);
        const row = rowById.get(id);
        if (row) subtreeRows.push(row);
        pending.push(...(children.get(id) ?? []));
      }
      return subtreeRows;
    }
    
    async function getBlockSubtreeRows(rootBlockId: string, pageId: string, client: DbClient = db, lock = false) {
      const rows = await client.query<{
        id: string;
        parent_block_id: string | null;
        type: string;
        edit_version: number;
      }>(
        `SELECT id, parent_block_id, type, edit_version FROM blocks WHERE page_id = ?${lock ? " FOR UPDATE" : ""}`,
        [pageId]
      );
      return collectBlockSubtreeRows(rootBlockId, rows);
    }
    
    async function promoteBlockChildrenBeforeDelete(
      client: DbClient,
      target: BlockRow,
      hierarchyRows: BlockRow[]
    ) {
      let plan;
      try {
        plan = planBlockDeletePreservingChildren(target.id, hierarchyRows);
      } catch (error) {
        if (error instanceof BlockPreserveChildrenIntegrityError) {
          throw new ApiError(409, "BLOCK_EDIT_CONFLICT", `${error.message}. Nothing was deleted.`);
        }
        throw error;
      }
    
      const rowById = new Map(hierarchyRows.map((row) => [row.id, row]));
      for (const update of plan.updates) {
        const row = rowById.get(update.id);
        if (!row) {
          throw new ApiError(409, "BLOCK_EDIT_CONFLICT", "The block hierarchy changed. Nothing was deleted.");
        }
        const result = await client.execute<{ affectedRows: number }>(
          `UPDATE blocks
           SET parent_block_id = ?, sort_order = ?, last_mutation_id = NULL,
               last_mutation_hash = NULL, edit_version = edit_version + 1
           WHERE id = ? AND page_id = ? AND edit_version = ? AND edit_version < ?`,
          [
            update.parentBlockId,
            update.sortOrder,
            row.id,
            row.page_id,
            Number(row.edit_version ?? 1),
            Number.MAX_SAFE_INTEGER
          ]
        );
        if (Number(result.affectedRows) !== 1) {
          throw new ApiError(
            409,
            "BLOCK_EDIT_CONFLICT",
            "The block hierarchy changed in another session. Nothing was deleted."
          );
        }
      }
    }
    
    function assertBlockVersionSnapshot(
      rows: Array<{ id: string; edit_version?: number }>,
      expectedVersions: Array<{ id: string; version: number }>,
      message = "This block subtree changed in another session. It was not deleted."
    ) {
    
      const expectedById = new Map(expectedVersions.map((item) => [item.id, item.version]));
      const currentById = new Map(rows.map((item) => [item.id, Number(item.edit_version ?? 1)]));
      const exactSnapshot =
        expectedById.size === expectedVersions.length &&
        expectedById.size === rows.length &&
        rows.every((row) => expectedById.get(row.id) === currentById.get(row.id));
    
      if (!exactSnapshot) {
        throw new ApiError(
          409,
          "BLOCK_EDIT_CONFLICT",
          message
        );
      }
    }
    
    function parseMovedBlockIds(value: unknown) {
      let parsed = value;
      if (typeof parsed === "string") {
        try {
          parsed = JSON.parse(parsed);
        } catch {
          throw new ApiError(
            500,
            "BLOCK_MOVE_RECEIPT_INCOMPLETE",
            "The block move receipt is incomplete. The move was not repeated."
          );
        }
      }
      if (
        !Array.isArray(parsed)
        || parsed.length === 0
        || parsed.some((id) => typeof id !== "string" || !routeIdSchema.safeParse(id).success)
        || new Set(parsed).size !== parsed.length
      ) {
        throw new ApiError(
          500,
          "BLOCK_MOVE_RECEIPT_INCOMPLETE",
          "The block move receipt is incomplete. The move was not repeated."
        );
      }
      return parsed as string[];
    }
    
    function comparableBlockMetadata(value: BlockRow["metadata"]) {
      if (typeof value !== "string") return JSON.stringify(value ?? null);
      try {
        return JSON.stringify(JSON.parse(value));
      } catch {
        return value;
      }
    }
    
    function assertMovedBlockDataPreserved(
      beforeRows: BlockRow[],
      afterRows: BlockRow[],
      rootBlockId: string,
      targetPageId: string,
      targetRootSortOrder: number
    ) {
      if (beforeRows.length !== afterRows.length) {
        throw new ApiError(
          500,
          "BLOCK_MOVE_INTEGRITY_FAILED",
          "The block move failed its integrity check. No block was moved."
        );
      }
    
      const beforeById = new Map(beforeRows.map((row) => [row.id, row]));
      const afterById = new Map(afterRows.map((row) => [row.id, row]));
      const contentFields = ["type", "markdown", "html_cache", "checked", "created_at"] as const;
    
      for (const [id, before] of beforeById) {
        const after = afterById.get(id);
        const expectedParentId = id === rootBlockId ? null : before.parent_block_id;
        const expectedSortOrder = id === rootBlockId ? targetRootSortOrder : before.sort_order;
        const preserved =
          Boolean(after)
          && after!.page_id === targetPageId
          && after!.parent_block_id === expectedParentId
          && Number(after!.sort_order) === Number(expectedSortOrder)
          && Number(after!.edit_version ?? 1) === Number(before.edit_version ?? 1) + 1
          && comparableBlockMetadata(after!.metadata) === comparableBlockMetadata(before.metadata)
          && contentFields.every((field) => areEquivalentPersistedValues(after![field], before[field]));
    
        if (!preserved) {
          throw new ApiError(
            500,
            "BLOCK_MOVE_INTEGRITY_FAILED",
            "The block move failed its integrity check. No block was moved."
          );
        }
      }
    }
    
    async function lockMovePages(
      client: DbClient,
      userId: string,
      sourcePageId: string,
      targetPageId: string
    ) {
      const pageIds = [...new Set([sourcePageId, targetPageId])].sort();
      const lockedPages = await client.query<{ id: string }>(
        `SELECT id FROM pages
         WHERE id IN (${pageIds.map(() => "?").join(", ")})
         ORDER BY id ASC
         FOR UPDATE`,
        pageIds
      );
      if (lockedPages.length !== pageIds.length) throw notFound("Page");
    
      // Lock every page before any grant row. Collection sharing uses the same
      // page-before-grant order, so cross-page moves cannot invert that order.
      const accessById = new Map<string, PageAccess>();
      for (const pageId of pageIds) {
        accessById.set(
          pageId,
          await getPageAccess(pageId, userId, client, { lockPage: true, lockAccess: true })
        );
      }
      return {
        sourceAccess: accessById.get(sourcePageId)!,
        targetAccess: accessById.get(targetPageId)!
      };
    }
    
    blockRouter.post(
      "/pages/:pageId/attachments",
      validate({ params: idParamSchema }),
      attachmentUploadRateLimit,
      enforceAttachmentUploadRequestSize,
      authorizeAttachmentUploadTarget,
      attachmentUploadConcurrencyLimit,
      attachmentUpload.single("file"),
      async (req, res, next) => {
        let cleanupPath = req.file?.path ?? null;
        let movedPath: string | null = null;
        let movedAttachmentGeneration: number | null = null;
        let releaseAttachmentUpload: (() => void) | null = null;
        try {
          releaseAttachmentUpload = beginAttachmentUploadProcessing(res);
          const user = requireUser(req.user);
          const authScope = requireRequestAuthScope(req);
          const pageId = String(req.params.pageId);
          const target = requireAttachmentUploadTarget(res, user.id, pageId);
          const file = req.file;
          if (!file) throw new ApiError(400, "ATTACHMENT_FILE_REQUIRED", "Select a file to attach");
    
          const body = attachmentFormSchema.parse(req.body);
          const ownerId = target.ownerId;
          const id = createId("blk");
          const [inspectedUpload, fileHash] = await Promise.all([
            inspectAttachmentUpload(file.path, file.originalname, file.mimetype),
            createAttachmentFileHash(file.path)
          ]);
          const originalName = inspectedUpload.originalName;
          const metadata: AttachmentMetadata = {
            attachment: {
              originalName,
              mimeType: inspectedUpload.mimeType,
              size: file.size
            }
          };
          const mutationHash = body.mutationId
            ? createMutationRequestHash({
                kind: "ATTACHMENT",
                pageId,
                parentBlockId: body.parentBlockId,
                sortOrder: body.sortOrder,
                basePageContentVersion: body.basePageContentVersion,
                file: {
                  originalName,
                  mimeType: inspectedUpload.mimeType,
                  size: file.size,
                  sha256: fileHash
                }
              })
            : undefined;
    
          let collaborationDocumentEpochAtWrite: string | null = null;
          let result: {
            block: BlockRow;
            pageContentVersion: number | undefined;
            pageContentVersionAuthoritative: boolean;
          } | null = null;
          try {
            result = await transaction(async (client) => {
              // Lock every user row before the page. This preserves the workspace
              // snapshot lock order while the receipt's actor FK is reserved.
              await lockBlockCreateUsers(client, [user.id, ownerId]);
              await assertCurrentAuthSessionBoundary(user.id, authScope, client);
              const attachmentGeneration = await lockUserAttachmentGeneration(client, ownerId);
              if (attachmentGeneration === undefined) throw notFound("User");
              assertPageOwnerWorkspaceGeneration(target.ownerWorkspaceGeneration, attachmentGeneration);
    
              const lockedAccess = await getPageAccess(pageId, user.id, client, { lockPage: true });
              if (lockedAccess.page.owner_id !== ownerId) {
                throw new ApiError(409, "PAGE_OWNER_CHANGED", "The page owner changed while the attachment was uploading");
              }
              if (lockedAccess.shareGeneration !== target.actorShareGeneration) {
                throw new ApiError(
                  409,
                  "PAGE_SHARE_GENERATION_CHANGED",
                  "The collaborator grant changed while this attachment was uploading. Refresh before retrying."
                );
              }
              const lockedContentVersion = Number(lockedAccess.page.content_version ?? 1);
              const reservation = await reserveBlockCreateMutation(client, {
                actorId: user.id,
                mutationId: body.mutationId,
                pageId,
                blockId: id,
                requestHash: mutationHash,
                workspaceGeneration: authScope.workspaceGeneration,
                workspaceOwnerId: ownerId,
                ownerWorkspaceGeneration: attachmentGeneration
              });
              collaborationDocumentEpochAtWrite = lockedAccess.shareCount > 0
                ? (await ensureCollaborationState(pageId, client)).document_epoch
                : null;
              if (reservation.kind === "replay") {
                return {
                  block: reservation.block,
                  ...partialMutationVersionPayload(
                    lockedContentVersion,
                    isAuthoritativePartialMutationReplay(body.basePageContentVersion, lockedContentVersion)
                  )
                };
              }
    
              // Canonical attachment creation is intentionally allowed while shared:
              // Yjs materialization refuses to mint attachment rows itself and adopts
              // this server-validated binary row into the active collaboration document.
              if (lockedAccess.page.is_archived) {
                throw new ApiError(409, "PAGE_ARCHIVED", "Restore the page before adding an attachment");
              }
              await assertParentBlock(body.parentBlockId, pageId, client);
              const currentAttachmentUsage = await getAttachmentStorageUsage(ownerId);
              assertAttachmentStorageLimit(
                currentAttachmentUsage.bytes,
                BigInt(file.size),
                currentAttachmentUsage.files,
                1
              );
              const createSortOrder = await getCollisionFreeBlockCreateSortOrder(
                client,
                pageId,
                body.parentBlockId,
                body.sortOrder
              );
              movedPath = await moveAttachmentFile(file.path, ownerId, id);
              movedAttachmentGeneration = attachmentGeneration;
              cleanupPath = null;
              await client.execute(
                `INSERT INTO blocks (id, page_id, parent_block_id, type, markdown, html_cache, checked, sort_order, metadata)
                 VALUES (?, ?, ?, 'ATTACHMENT', ?, ?, 0, ?, ?)`,
                [
                  id,
                  pageId,
                  body.parentBlockId,
                  originalName,
                  renderBlockHtml("ATTACHMENT", originalName, false, metadata),
                  createSortOrder,
                  JSON.stringify(metadata)
                ]
              );
              const pageContentVersion = await advancePageContentVersion(client, pageId, ownerId);
              const createdBlock = await client.queryOne<BlockRow>("SELECT * FROM blocks WHERE id = ?", [id]);
              if (!createdBlock) throw new ApiError(500, "BLOCK_CREATE_FAILED", "Attachment block was not created");
              await recordPageVersion(client, {
                pageId,
                actors: [toPageVersionActor(user)],
                source: "ATTACHMENT_CREATE",
                changes: diffPageVersionBlocks([], [createdBlock])
              });
              return {
                block: createdBlock,
                ...partialMutationVersionPayload(
                  pageContentVersion,
                  body.basePageContentVersion !== undefined && body.basePageContentVersion === lockedContentVersion
                )
              };
            });
            movedPath = null;
          } catch (error) {
            const commitOutcomeUnknown = Boolean(
              error && typeof error === "object" && "commitOutcomeUnknown" in error && error.commitOutcomeUnknown === true
            );
    
            if (commitOutcomeUnknown) {
              try {
                const confirmedBlock = await withUserAttachmentLock(
                  ownerId,
                  async (client, currentAttachmentGeneration) => {
                    if (
                      movedAttachmentGeneration === null
                      || currentAttachmentGeneration !== movedAttachmentGeneration
                    ) {
                      return null;
                    }
                    return client.queryOne<BlockRow & { page_content_version: number | bigint | string }>(
                      `SELECT b.*, p.content_version AS page_content_version
                       FROM blocks b
                       INNER JOIN pages p ON p.id = b.page_id
                       WHERE b.id = ? AND b.page_id = ? AND p.owner_id = ?`,
                      [id, pageId, ownerId]
                    );
                  }
                );
                if (confirmedBlock) {
                  const confirmedContentVersion = Number(confirmedBlock.page_content_version);
                  if (!Number.isSafeInteger(confirmedContentVersion) || confirmedContentVersion < 1) {
                    throw new Error(`Invalid page content version during attachment commit verification: ${pageId}`);
                  }
                  result = {
                    block: confirmedBlock,
                    ...partialMutationVersionPayload(
                      confirmedContentVersion,
                      isAuthoritativePartialMutationReplay(body.basePageContentVersion, confirmedContentVersion)
                    )
                  };
                  movedPath = null;
                } else {
                  console.error("Attachment commit outcome is unknown; preserving the moved file", {
                    id,
                    movedPath,
                    errorName: error instanceof Error ? error.name : typeof error,
                    errorCode: typeof error === "object" && error !== null && "code" in error ? String(error.code) : null
                  });
                  throw error;
                }
              } catch (verificationError) {
                if (verificationError === error) throw error;
                console.error("Attachment commit verification failed; preserving the moved file", {
                  id,
                  movedPath,
                  errorName: verificationError instanceof Error ? verificationError.name : typeof verificationError,
                  errorCode: typeof verificationError === "object" && verificationError !== null && "code" in verificationError
                    ? String(verificationError.code)
                    : null
                });
                throw error;
              }
            } else {
              let insertDefinitelyFailed = false;
              try {
                insertDefinitelyFailed = !(await db.queryOne<{ id: string }>(
                  `SELECT b.id
                   FROM blocks b
                   INNER JOIN pages p ON p.id = b.page_id
                   WHERE b.id = ? AND b.page_id = ? AND p.owner_id = ?`,
                  [id, pageId, ownerId]
                ));
              } catch (verificationError) {
                console.error("Attachment insert outcome is unknown; preserving the moved file", {
                  id,
                  movedPath,
                  errorName: verificationError instanceof Error ? verificationError.name : typeof verificationError,
                  errorCode: typeof verificationError === "object" && verificationError !== null && "code" in verificationError
                    ? String(verificationError.code)
                    : null
                });
              }
              if (insertDefinitelyFailed && movedPath && movedAttachmentGeneration !== null) {
                const failedMovedPath = movedPath;
                const expectedAttachmentGeneration = movedAttachmentGeneration;
                await withUserAttachmentLock(ownerId, async (_client, currentAttachmentGeneration) => {
                  // If restore replaced the owner's attachment directory after the
                  // failed INSERT released its lock, this path now belongs to the
                  // restored generation and must not be removed as upload rollback.
                  if (currentAttachmentGeneration !== expectedAttachmentGeneration) return;
                  await removeAttachmentPath(failedMovedPath);
                });
                movedPath = null;
              }
              throw error;
            }
          }
    
          if (!result) throw new ApiError(500, "BLOCK_CREATE_FAILED", "Attachment block was not created");
          if (cleanupPath) {
            await removeAttachmentPath(cleanupPath);
            cleanupPath = null;
          }
          const payload = toBlock(result.block);
          if (collaborationDocumentEpochAtWrite) {
            await broadcastCanonicalAttachment(pageId, collaborationDocumentEpochAtWrite, payload);
          }
          res.status(201).json({
            block: payload,
            pageContentVersion: result.pageContentVersion,
            pageContentVersionAuthoritative: result.pageContentVersionAuthoritative
          });
        } catch (error) {
          if (cleanupPath) await removeAttachmentPath(cleanupPath);
          if (movedPath) {
            console.error("Preserving an attachment file because the database write outcome is unknown", { movedPath });
          }
          next(error);
        } finally {
          releaseAttachmentUpload?.();
        }
      }
    );
    
    blockRouter.get("/blocks/:blockId/attachment", validate({ params: idParamSchema }), async (req, res, next) => {
      try {
        const user = requireUser(req.user);
        const blockId = String(req.params.blockId);
        const initial = await assertAccessibleBlock(blockId, user.id);
        if (initial.block.type !== "ATTACHMENT") throw notFound("Attachment");
        const ownerId = initial.access.page.owner_id;
        const pageId = initial.block.page_id;
    
        // Workspace restore swaps the owner's complete attachment directory while
        // holding this same user-row lock. Revalidate access and open the exact file
        // while the lock is held, then release the transaction before streaming. A
        // collection administrator can revoke access without taking the owner-user
        // lock, so take the current page/access locks before any non-locking database
        // read can pin an older REPEATABLE READ snapshot. The page lock also keeps the
        // block on this page while its attachment file is claimed. An already-open
        // file handle continues to reference the authorized pre-restore file even if
        // a later restore replaces the directory entry, so client-paced response
        // backpressure can never retain the database lock or pool connection.
        const claimedAttachment = await withUserAttachmentLock(ownerId, async (client) => {
          let access: PageAccess;
          try {
            access = await getPageAccess(pageId, user.id, client, { lockPage: true, lockAccess: true });
          } catch (error) {
            if (error instanceof ApiError && error.statusCode === 404) throw notFound("Attachment");
            throw error;
          }
          if (access.page.owner_id !== ownerId) throw notFound("Attachment");
    
          const block = await client.queryOne<BlockRow>(
            "SELECT * FROM blocks WHERE id = ? AND page_id = ?",
            [blockId, pageId]
          );
          if (!block || block.type !== "ATTACHMENT") throw notFound("Attachment");
    
          const info = getAttachmentInfo(toBlock(block).metadata);
          if (!info || !(await attachmentFileExists(ownerId, blockId))) throw notFound("Attachment file");
    
          const handle = await open(getAttachmentFilePath(ownerId, blockId), "r");
          try {
            const fileStats = await handle.stat();
            if (!fileStats.isFile()) throw notFound("Attachment file");
            return { handle, info, size: fileStats.size };
          } catch (error) {
            await handle.close().catch(() => undefined);
            throw error;
          }
        });
    
        try {
          res.attachment(sanitizeAttachmentDownloadFilename(claimedAttachment.info.originalName));
          res.setHeader("Cache-Control", "private, no-store");
          res.setHeader("Content-Type", claimedAttachment.info.mimeType);
          res.setHeader("Content-Length", String(claimedAttachment.size));
          res.setHeader("Content-Security-Policy", "sandbox; default-src 'none'");
          res.setHeader("Cross-Origin-Resource-Policy", "same-origin");
          res.setHeader("X-Content-Type-Options", "nosniff");
          await pipeline(
            claimedAttachment.handle.createReadStream({ autoClose: false }),
            res
          );
        } finally {
          await claimedAttachment.handle.close().catch(() => undefined);
        }
      } catch (error) {
        if (!res.headersSent) next(error);
        else console.error("Attachment download failed", {
          blockId: String(req.params.blockId),
          errorName: error instanceof Error ? error.name : "UnknownError"
        });
      }
    });
    
    blockRouter.post("/pages/:pageId/blocks", validate({ params: idParamSchema, body: createBlockSchema }), async (req, res, next) => {
      try {
        const user = requireUser(req.user);
        const authScope = requireRequestAuthScope(req);
        const pageId = String(req.params.pageId);
        const body = req.body as z.infer<typeof createBlockSchema>;
        const { mutationId, basePageContentVersion, ...creation } = body;
    
        if (creation.type === "ATTACHMENT") {
          throw new ApiError(400, "USE_ATTACHMENT_UPLOAD", "Create attachment blocks through the file upload endpoint");
        }
    
        const admission = await capturePageMutationAdmission(pageId, user.id);
        const ownerId = admission.ownerId;
        const id = createId("blk");
        const mutationHash = mutationId
          ? createMutationRequestHash({ kind: "BLOCK", pageId, basePageContentVersion, creation })
          : undefined;
        const result = await transaction(async (client) => {
          await lockBlockCreateUsers(client, [user.id, ownerId]);
          await assertCurrentAuthSessionBoundary(user.id, authScope, client);
          const currentWorkspaceGeneration = await lockUserAttachmentGeneration(client, ownerId);
          if (currentWorkspaceGeneration === undefined) throw notFound("Page owner");
          assertPageOwnerWorkspaceGeneration(admission.ownerWorkspaceGeneration, currentWorkspaceGeneration);
    
          const lockedAccess = await getPageAccess(pageId, user.id, client, { lockPage: true, lockAccess: true });
          if (lockedAccess.page.owner_id !== ownerId) {
            throw new ApiError(409, "PAGE_OWNER_CHANGED", "The page owner changed while the block was being created");
          }
          if (lockedAccess.shareGeneration !== admission.actorShareGeneration) {
            throw new ApiError(
              409,
              "PAGE_SHARE_GENERATION_CHANGED",
              "The collaborator grant changed while this block was being created. Refresh before retrying."
            );
          }
          const lockedContentVersion = Number(lockedAccess.page.content_version ?? 1);
          const reservation = await reserveBlockCreateMutation(client, {
            actorId: user.id,
            mutationId,
            pageId,
            blockId: id,
            requestHash: mutationHash,
            workspaceGeneration: authScope.workspaceGeneration,
            workspaceOwnerId: ownerId,
            ownerWorkspaceGeneration: currentWorkspaceGeneration
          });
          if (reservation.kind === "replay") {
            return {
              block: reservation.block,
              pageUpdatedAt: lockedAccess.page.updated_at,
              ...partialMutationVersionPayload(
                lockedContentVersion,
                isAuthoritativePartialMutationReplay(basePageContentVersion, lockedContentVersion)
              )
            };
          }
    
          assertDirectBlockMutationAllowed(lockedAccess);
          assertPageNotArchived(lockedAccess.page);
          assertCanonicalStructuredMetadataPayload(creation.type, creation.metadata);
          const losslessMetadata = assertLosslessStructuredMetadata(creation.type, creation.metadata);
          const prepared = prepareBlockContent(creation.type, creation.markdown, losslessMetadata);
          await assertParentBlock(creation.parentBlockId, pageId, client);
          const createSortOrder = await getCollisionFreeBlockCreateSortOrder(
            client,
            pageId,
            creation.parentBlockId,
            creation.sortOrder
          );
          await client.execute(
            `INSERT INTO blocks (id, page_id, parent_block_id, type, markdown, html_cache, checked, sort_order, metadata)
             VALUES (?, ?, ?, ?, ?, ?, ?, ?, ?)`,
            [
              id,
              pageId,
              creation.parentBlockId ?? null,
              creation.type,
              prepared.markdown,
              renderBlockHtml(creation.type, prepared.markdown, Boolean(creation.checked), prepared.metadata),
              creation.checked ? 1 : 0,
              createSortOrder,
              prepared.metadata ? JSON.stringify(prepared.metadata) : null
            ]
          );
          let pageUpdatedAt: PageRow["updated_at"] | undefined;
          const pageContentVersion = await advancePageContentVersion(client, pageId, ownerId, (page) => {
            pageUpdatedAt = page.updated_at;
          });
          const block = await client.queryOne<BlockRow>("SELECT * FROM blocks WHERE id = ?", [id]);
          if (!block) throw new ApiError(500, "BLOCK_CREATE_FAILED", "Block was not created");
          await recordPageVersion(client, {
            pageId,
            actors: [toPageVersionActor(user)],
            source: "BLOCK_CREATE",
            changes: diffPageVersionBlocks([], [block])
          });
          return {
            block,
            pageUpdatedAt,
            ...partialMutationVersionPayload(
              pageContentVersion,
              basePageContentVersion !== undefined && basePageContentVersion === lockedContentVersion
            )
          };
        });
    
        res.status(201).json({
          block: toBlock(result.block),
          pageUpdatedAt: result.pageUpdatedAt,
          pageContentVersion: result.pageContentVersion,
          pageContentVersionAuthoritative: result.pageContentVersionAuthoritative
        });
      } catch (error) {
        next(error);
      }
    });
    
    blockRouter.patch("/blocks/:blockId", validate({ params: idParamSchema, body: updateBlockSchema }), async (req, res, next) => {
      try {
        const user = requireUser(req.user);
        const authScope = requireRequestAuthScope(req);
        const blockId = String(req.params.blockId);
        const body = req.body as z.infer<typeof updateBlockSchema>;
        const { mutationId, basePageContentVersion, ...mutationPayload } = body;
        const mutationHash = mutationId
          ? createMutationRequestHash({ basePageContentVersion, ...mutationPayload })
          : undefined;
    
        const result = await transaction(async (client) => {
          await assertCurrentAuthSessionBoundary(user.id, authScope, client);
          const hierarchyChanged = body.parentBlockId !== undefined || body.sortOrder !== undefined;
          const { block: identity } = await assertAccessibleBlock(blockId, user.id, client);
          const lockedAccess = await getPageAccess(identity.page_id, user.id, client, { lockPage: true, lockAccess: true });
          const lockedPage = lockedAccess.page;
          let existing: BlockRow;
          let hierarchyRows: BlockRow[] | null = null;
    
          if (hierarchyChanged) {
            hierarchyRows = await client.query<BlockRow>(
              "SELECT * FROM blocks WHERE page_id = ? ORDER BY id ASC FOR UPDATE",
              [identity.page_id]
            );
            const rowById = new Map(hierarchyRows.map((row) => [row.id, row]));
            const lockedBlock = rowById.get(blockId);
            if (!lockedBlock) throw notFound("Block");
            existing = lockedBlock;
    
            if (body.parentBlockId && !rowById.has(body.parentBlockId)) {
              throw new ApiError(400, "INVALID_PARENT_BLOCK", "Parent block must exist on the same page");
            }
            if (body.parentBlockId === blockId) {
              throw new ApiError(400, "INVALID_PARENT_BLOCK", "A block cannot be its own parent");
            }
            if (body.parentBlockId !== undefined) {
              assertReorderDoesNotCreateCycle(hierarchyRows, [{ id: blockId, parentBlockId: body.parentBlockId }]);
            }
          } else {
            const lockedBlock = await client.queryOne<BlockRow>(
              "SELECT * FROM blocks WHERE id = ? AND page_id = ? FOR UPDATE",
              [blockId, identity.page_id]
            );
            if (!lockedBlock) throw notFound("Block");
            existing = lockedBlock;
          }
    
          if (
            isMatchingMutationReplay(
              existing.last_mutation_id,
              existing.last_mutation_hash,
              mutationId,
              mutationHash
            )
          ) {
            const currentContentVersion = Number(lockedPage.content_version ?? 1);
            return {
              block: existing,
              ...partialMutationVersionPayload(
                currentContentVersion,
                isAuthoritativePartialMutationReplay(basePageContentVersion, currentContentVersion)
              )
            };
          }
    
          // An exact response-loss replay is read-only. Resolve it before enforcing
          // the current shared-page write path so a mutation committed while the
          // page was private remains replayable after sharing is enabled.
          assertDirectBlockMutationAllowed(lockedAccess);
          assertPageNotArchived(lockedPage);
    
          if (Number(existing.edit_version ?? 1) !== body.expectedVersion) {
            throw new ApiError(
              409,
              "BLOCK_EDIT_CONFLICT",
              "This block was changed in another session. Your local edits were not overwritten."
            );
          }
    
          if (body.type === "ATTACHMENT" && existing.type !== "ATTACHMENT") {
            throw new ApiError(400, "USE_ATTACHMENT_UPLOAD", "Create attachment blocks through the file upload endpoint");
          }
          if (existing.type === "ATTACHMENT") {
            if (body.type !== undefined && body.type !== "ATTACHMENT") {
              throw new ApiError(400, "ATTACHMENT_TYPE_IMMUTABLE", "Attachment blocks cannot be converted to another type");
            }
            if (body.type !== undefined || body.markdown !== undefined || body.checked !== undefined || body.metadata !== undefined) {
              throw new ApiError(400, "ATTACHMENT_READ_ONLY", "Attachment block content is read-only");
            }
          }
    
          assertSafeStructuredMetadataWrite(existing.type, body.type, body.metadata);
    
          const lockedContentVersion = Number(lockedPage.content_version ?? 1);
          if (hierarchyChanged) {
            if (basePageContentVersion === undefined) {
              throw new ApiError(
                400,
                "BLOCK_HIERARCHY_VERSION_REQUIRED",
                "Changing a block's hierarchy requires the page content version from the complete sibling snapshot."
              );
            }
            if (basePageContentVersion !== lockedContentVersion) {
              throw new ApiError(
                409,
                "BLOCK_EDIT_CONFLICT",
                "The block hierarchy changed in another session. Your stale position was not applied."
              );
            }
    
            const nextParentBlockId = body.parentBlockId === undefined ? existing.parent_block_id : body.parentBlockId;
            const nextSortOrder = body.sortOrder === undefined ? Number(existing.sort_order) : body.sortOrder;
            const siblingPositionOccupied = hierarchyRows!.some(
              (row) => row.id !== blockId
                && row.parent_block_id === nextParentBlockId
                && Number(row.sort_order) === nextSortOrder
            );
            if (siblingPositionOccupied) {
              throw new ApiError(
                409,
                "BLOCK_EDIT_CONFLICT",
                "That sibling position is already occupied. Use the reorder endpoint with the complete sibling list."
              );
            }
          }
    
          const fields: string[] = [];
          const values: DbValue[] = [];
          const contentChanged =
            body.type !== undefined ||
            body.markdown !== undefined ||
            body.checked !== undefined ||
            body.metadata !== undefined;
          if (contentChanged) {
            assertExistingMetadataSafeToOverwrite(existing);
          }
          const nextType = body.type ?? existing.type;
          const sourceMetadata = body.metadata !== undefined ? body.metadata : existing.metadata;
          const nextMetadata = contentChanged
            ? assertLosslessStructuredMetadata(nextType, sourceMetadata)
            : sourceMetadata;
          const prepared = prepareBlockContent(
            nextType,
            body.markdown ?? existing.markdown,
            nextMetadata
          );
          const nextChecked = body.checked ?? Boolean(existing.checked);
    
          if (body.type !== undefined) {
            fields.push("type = ?");
            values.push(body.type);
          }
          if (body.markdown !== undefined || (contentChanged && (nextType === "BOOKMARK" || nextType === "AI_CHAT" || nextType === "ACCORDION" || nextType === "TREEVIEW"))) {
            fields.push("markdown = ?");
            values.push(prepared.markdown);
          }
          if (body.checked !== undefined) {
            fields.push("checked = ?");
            values.push(body.checked ? 1 : 0);
          }
          if (contentChanged) {
            fields.push("html_cache = ?");
            values.push(renderBlockHtml(nextType, prepared.markdown, nextChecked, prepared.metadata));
          }
          if (body.parentBlockId !== undefined) {
            fields.push("parent_block_id = ?");
            values.push(body.parentBlockId);
          }
          if (body.sortOrder !== undefined) {
            fields.push("sort_order = ?");
            values.push(body.sortOrder);
          }
          if (body.metadata !== undefined) {
            fields.push("metadata = ?");
            values.push(prepared.metadata ? JSON.stringify(prepared.metadata) : null);
          }
    
          if (fields.length) {
            if (mutationId && mutationHash) {
              fields.push("last_mutation_id = ?", "last_mutation_hash = ?");
              values.push(mutationId, mutationHash);
            } else {
              fields.push("last_mutation_id = NULL", "last_mutation_hash = NULL");
            }
          }
    
          let pageContentVersion = lockedContentVersion;
          if (fields.length) {
            const result = await client.execute<{ affectedRows: number }>(
              `UPDATE blocks SET ${[...fields, "edit_version = edit_version + 1"].join(", ")} WHERE id = ? AND page_id = ? AND edit_version = ? AND edit_version < ?`,
              [...values, blockId, existing.page_id, body.expectedVersion, Number.MAX_SAFE_INTEGER]
            );
            if (Number(result.affectedRows) !== 1) {
              throw new ApiError(
                409,
                "BLOCK_EDIT_CONFLICT",
                "This block was changed in another session. Your local edits were not overwritten."
              );
            }
            pageContentVersion = await advancePageContentVersion(client, existing.page_id, lockedAccess.page.owner_id);
          }
    
          const updated = await client.queryOne<BlockRow>(
            "SELECT * FROM blocks WHERE id = ? AND page_id = ?",
            [blockId, existing.page_id]
          );
          if (!updated) throw notFound("Block");
          await recordPageVersion(client, {
            pageId: existing.page_id,
            actors: [toPageVersionActor(user)],
            source: "BLOCK_UPDATE",
            changes: diffPageVersionBlocks([existing], [updated])
          });
          return {
            block: updated,
            ...partialMutationVersionPayload(
              pageContentVersion,
              basePageContentVersion !== undefined && basePageContentVersion === lockedContentVersion
            )
          };
        });
    
        res.json({
          block: toBlock(result.block),
          pageContentVersion: result.pageContentVersion,
          pageContentVersionAuthoritative: result.pageContentVersionAuthoritative
        });
      } catch (error) {
        next(error);
      }
    });
    
    blockRouter.post(
      "/blocks/:blockId/move",
      validate({ params: idParamSchema, body: moveBlockSchema }),
      async (req, res, next) => {
        try {
          const user = requireUser(req.user);
          const authScope = requireRequestAuthScope(req);
          const blockId = String(req.params.blockId);
          const body = req.body as z.infer<typeof moveBlockSchema>;
          const normalizedExpectedVersions = [...body.expectedVersions]
            .sort((left, right) => left.id.localeCompare(right.id));
          const mutationHash = createMutationRequestHash({
            kind: "BLOCK_MOVE",
            blockId,
            targetPageId: body.targetPageId,
            expectedVersions: normalizedExpectedVersions,
            expectedSourcePageContentVersion: body.expectedSourcePageContentVersion
          });
    
          const move = await transaction(async (client) => {
            // Mutation receipt FKs reference the actor. Lock that row before any
            // page row so account restore/import operations keep a consistent lock order.
            await lockBlockCreateUsers(client, [user.id]);
            await assertCurrentAuthSessionBoundary(user.id, authScope, client);
    
            const receipt = await client.queryOne<BlockMoveMutationReceipt>(
              `SELECT block_id, source_page_id, target_page_id, request_hash, moved_block_ids,
                      source_page_content_version, target_page_content_version
               FROM block_move_mutations
               WHERE actor_id = ? AND mutation_id = ?
               FOR UPDATE`,
              [user.id, body.mutationId]
            );
    
            if (receipt) {
              if (
                receipt.block_id !== blockId
                || receipt.target_page_id !== body.targetPageId
                || receipt.request_hash !== mutationHash
              ) {
                throw new ApiError(
                  409,
                  "MUTATION_ID_REUSED",
                  "This mutation id was already used for a different block move. No block was moved."
                );
              }
    
              const movedBlockIds = parseMovedBlockIds(receipt.moved_block_ids);
              const {
                sourceAccess: replaySourceAccess,
                targetAccess: replayTargetAccess
              } = await lockMovePages(
                client,
                user.id,
                receipt.source_page_id,
                receipt.target_page_id
              );
              if (
                replaySourceAccess.role !== "OWNER"
                || replayTargetAccess.role !== "OWNER"
                || replaySourceAccess.page.owner_id !== user.id
                || replayTargetAccess.page.owner_id !== user.id
                || replaySourceAccess.page.owner_id !== replayTargetAccess.page.owner_id
              ) {
                throw new ApiError(
                  409,
                  "BLOCK_MOVE_REPLAY_SUPERSEDED",
                  "The completed block move belongs to an older workspace state and was not repeated."
                );
              }
    
              const currentSourcePageContentVersion = Number(replaySourceAccess.page.content_version ?? 1);
              const receiptSourcePageContentVersion = Number(receipt.source_page_content_version);
              if (currentSourcePageContentVersion !== receiptSourcePageContentVersion) {
                throw new ApiError(
                  409,
                  "BLOCK_MOVE_REPLAY_SUPERSEDED",
                  "The completed block move belongs to an older source-page generation and was not replayed. Refresh before moving again."
                );
              }
    
              const currentTargetPageContentVersion = Number(replayTargetAccess.page.content_version ?? 1);
              const receiptTargetPageContentVersion = Number(receipt.target_page_content_version);
              if (currentTargetPageContentVersion !== receiptTargetPageContentVersion) {
                throw new ApiError(
                  409,
                  "BLOCK_MOVE_REPLAY_SUPERSEDED",
                  "The completed block move belongs to an older destination-page generation and was not replayed. Refresh before moving again."
                );
              }
    
              const placeholders = movedBlockIds.map(() => "?").join(", ");
              const replayRows = await client.query<BlockRow>(
                `SELECT * FROM blocks
                 WHERE page_id = ? AND id IN (${placeholders})
                 ORDER BY sort_order ASC, id ASC
                 FOR UPDATE`,
                [receipt.target_page_id, ...movedBlockIds]
              );
              if (replayRows.length !== movedBlockIds.length) {
                throw new ApiError(
                  409,
                  "BLOCK_MOVE_REPLAY_SUPERSEDED",
                  "The completed block move belongs to an older block generation and was not repeated."
                );
              }
              const replayRoot = replayRows.find((row) => row.id === blockId);
              if (!replayRoot) {
                throw new ApiError(
                  409,
                  "BLOCK_MOVE_REPLAY_SUPERSEDED",
                  "The completed block move belongs to an older block generation and was not repeated."
                );
              }
    
              return {
                block: replayRoot,
                sourcePageId: receipt.source_page_id,
                targetPageId: receipt.target_page_id,
                movedBlockIds,
                sourcePageContentVersion: Number(receipt.source_page_content_version),
                targetPageContentVersion: Number(receipt.target_page_content_version),
                replayed: true
              };
            }
    
            // Resolve the current source only after the durable receipt check.
            // A response-loss retry runs after the block is already on the target
            // page, so checking "same page" before the receipt would turn a
            // committed success into a false failure.
            const currentIdentity = await assertAccessibleBlock(blockId, user.id, client);
            const sourcePageId = currentIdentity.block.page_id;
            if (sourcePageId === body.targetPageId) {
              throw new ApiError(400, "BLOCK_MOVE_SAME_PAGE", "Choose a different destination page.");
            }
    
            const { sourceAccess, targetAccess } = await lockMovePages(
              client,
              user.id,
              sourcePageId,
              body.targetPageId
            );
            if (
              !canAdministerPageAccess(sourceAccess)
              || !canAdministerPageAccess(targetAccess)
              || sourceAccess.page.owner_id !== targetAccess.page.owner_id
            ) {
              throw new ApiError(
                403,
                "BLOCK_MOVE_OWNER_REQUIRED",
                "Blocks can only be moved between pages owned by the same account."
              );
            }
            assertDirectBlockMutationAllowed(sourceAccess);
            assertDirectBlockMutationAllowed(targetAccess);
            assertPageNotArchived(sourceAccess.page, "Restore the source page before moving a block");
            assertPageNotArchived(targetAccess.page, "Restore the destination page before moving a block");
            if (sourceAccess.page.is_collection || targetAccess.page.is_collection) {
              throw new ApiError(
                400,
                "BLOCK_MOVE_PAGE_REQUIRED",
                "Blocks can only be moved between regular pages."
              );
            }
            if (Number(sourceAccess.page.content_version ?? 1) !== body.expectedSourcePageContentVersion) {
              throw new ApiError(
                409,
                "BLOCK_EDIT_CONFLICT",
                "The source page changed in another session. No block was moved."
              );
            }
    
            const sourceRows = await client.query<BlockRow>(
              "SELECT * FROM blocks WHERE page_id = ? ORDER BY sort_order ASC, id ASC FOR UPDATE",
              [sourcePageId]
            );
            const root = sourceRows.find((row) => row.id === blockId);
            if (!root) {
              throw new ApiError(
                409,
                "BLOCK_EDIT_CONFLICT",
                "The block moved or changed in another session. No block was moved."
              );
            }
            const subtreeRows = collectBlockSubtreeRows(blockId, sourceRows);
            assertBlockVersionSnapshot(
              subtreeRows,
              body.expectedVersions,
              "This block subtree changed in another session. No block was moved."
            );
    
            const targetRows = await client.query<BlockRow>(
              "SELECT * FROM blocks WHERE page_id = ? ORDER BY sort_order ASC, id ASC FOR UPDATE",
              [body.targetPageId]
            );
            const lastTargetRoot = targetRows
              .filter((row) => row.parent_block_id === null)
              .sort((left, right) => Number(left.sort_order) - Number(right.sort_order) || left.id.localeCompare(right.id))
              .at(-1);
            const targetRootSortOrder = getNextBlockSortOrder(lastTargetRoot?.sort_order);
            const movedBlockIds = subtreeRows.map((row) => row.id);
            const placeholders = movedBlockIds.map(() => "?").join(", ");
    
            // The parent/page FK intentionally forbids cross-page parent references.
            // Temporarily detach the whole subtree inside this transaction, change
            // only page ownership, then restore its internal hierarchy. No block row
            // is deleted or re-created, so IDs and authoritative data stay intact.
            await client.execute(
              `UPDATE blocks SET parent_block_id = NULL WHERE id IN (${placeholders}) AND page_id = ?`,
              [...movedBlockIds, sourcePageId]
            );
            const pageUpdate = await client.execute<{ affectedRows: number }>(
              `UPDATE blocks SET page_id = ? WHERE id IN (${placeholders}) AND page_id = ?`,
              [body.targetPageId, ...movedBlockIds, sourcePageId]
            );
            if (Number(pageUpdate.affectedRows) !== movedBlockIds.length) {
              throw new ApiError(
                409,
                "BLOCK_EDIT_CONFLICT",
                "The block subtree changed while it was being moved. No block was moved."
              );
            }
    
            for (const before of subtreeRows) {
              const parentBlockId = before.id === blockId ? null : before.parent_block_id;
              const sortOrder = before.id === blockId ? targetRootSortOrder : before.sort_order;
              const restored = await client.execute<{ affectedRows: number }>(
                `UPDATE blocks
                 SET parent_block_id = ?, sort_order = ?, last_mutation_id = NULL,
                     last_mutation_hash = NULL, edit_version = edit_version + 1
                 WHERE id = ? AND page_id = ? AND edit_version = ? AND edit_version < ?`,
                [
                  parentBlockId,
                  sortOrder,
                  before.id,
                  body.targetPageId,
                  Number(before.edit_version ?? 1),
                  Number.MAX_SAFE_INTEGER
                ]
              );
              if (Number(restored.affectedRows) === 0) {
                throw new ApiError(
                  409,
                  "BLOCK_EDIT_CONFLICT",
                  "The block subtree changed while it was being moved. No block was moved."
                );
              }
            }
    
            const movedRows = await client.query<BlockRow>(
              `SELECT * FROM blocks
               WHERE page_id = ? AND id IN (${placeholders})
               ORDER BY sort_order ASC, id ASC`,
              [body.targetPageId, ...movedBlockIds]
            );
            assertMovedBlockDataPreserved(
              subtreeRows,
              movedRows,
              blockId,
              body.targetPageId,
              targetRootSortOrder
            );
    
            const sourcePageContentVersion = await advancePageContentVersion(client, sourcePageId, sourceAccess.page.owner_id);
            const targetPageContentVersion = await advancePageContentVersion(client, body.targetPageId, targetAccess.page.owner_id);
            const sourceAfterRows = await client.query<BlockRow>(
              "SELECT * FROM blocks WHERE page_id = ? ORDER BY sort_order ASC, id ASC",
              [sourcePageId]
            );
            const targetAfterRows = await client.query<BlockRow>(
              "SELECT * FROM blocks WHERE page_id = ? ORDER BY sort_order ASC, id ASC",
              [body.targetPageId]
            );
            await recordPageVersion(client, {
              pageId: sourcePageId,
              actors: [toPageVersionActor(user)],
              source: "BLOCK_MOVE_OUT",
              changes: diffPageVersionBlocks(sourceRows, sourceAfterRows)
            });
            await recordPageVersion(client, {
              pageId: body.targetPageId,
              actors: [toPageVersionActor(user)],
              source: "BLOCK_MOVE_IN",
              changes: diffPageVersionBlocks(targetRows, targetAfterRows)
            });
    
            await client.execute(
              `INSERT INTO block_move_mutations
                 (actor_id, workspace_owner_id, mutation_id, block_id, source_page_id, target_page_id, request_hash,
                  moved_block_ids, source_page_content_version, target_page_content_version)
               VALUES (?, ?, ?, ?, ?, ?, ?, ?, ?, ?)`,
              [
                user.id,
                sourceAccess.page.owner_id,
                body.mutationId,
                blockId,
                sourcePageId,
                body.targetPageId,
                mutationHash,
                JSON.stringify(movedBlockIds),
                sourcePageContentVersion,
                targetPageContentVersion
              ]
            );
    
            const movedRoot = movedRows.find((row) => row.id === blockId);
            if (!movedRoot) {
              throw new ApiError(
                500,
                "BLOCK_MOVE_INTEGRITY_FAILED",
                "The block move failed its integrity check. No block was moved."
              );
            }
            return {
              block: movedRoot,
              sourcePageId,
              targetPageId: body.targetPageId,
              movedBlockIds,
              sourcePageContentVersion,
              targetPageContentVersion,
              replayed: false
            };
          });
    
          res.json({
            block: toBlock(move.block),
            sourcePageId: move.sourcePageId,
            targetPageId: move.targetPageId,
            movedBlockIds: move.movedBlockIds,
            sourcePageContentVersion: move.sourcePageContentVersion,
            targetPageContentVersion: move.targetPageContentVersion,
            replayed: move.replayed
          });
        } catch (error) {
          next(error);
        }
      }
    );
    
    blockRouter.delete(
      "/blocks/:blockId",
      validate({ params: idParamSchema, body: deleteBlockSchema }),
      async (req, res, next) => {
      try {
        const user = requireUser(req.user);
        const authScope = requireRequestAuthScope(req);
        const blockId = String(req.params.blockId);
        const body = req.body as z.infer<typeof deleteBlockSchema>;
        if (!body.mutationId) {
          throw new ApiError(
            400,
            "MUTATION_ID_REQUIRED",
            "A mutation id is required for block deletion."
          );
        }
        const mutationId = body.mutationId;
        if (!body.expectedVersions?.length) {
          throw new ApiError(
            400,
            "BLOCK_DELETE_SNAPSHOT_REQUIRED",
            "Refresh the block deletion snapshot before permanently deleting this block."
          );
        }
        const expectedVersions = body.expectedVersions;
        const normalizedExpectedVersions = [...expectedVersions]
          .sort((left, right) => left.id.localeCompare(right.id));
        const mutationRequest = {
          kind: "BLOCK_DELETE",
          blockId,
          expectedVersions: normalizedExpectedVersions,
          preserveChildren: body.preserveChildren,
          expectedPageContentVersion: body.expectedPageContentVersion ?? null
        };
        const mutationHash = createMutationRequestHash(mutationRequest);
        // Older receipts hashed the caller-provided snapshot order. Keep same-order
        // retries replayable across this deployment while new receipts use a
        // canonical set order and therefore survive harmless snapshot reordering.
        const legacyMutationHash = createMutationRequestHash({
          ...mutationRequest,
          expectedVersions
        });
        const deletion = await transaction(async (client) => {
          // Restore and attachment writes serialize on the owner/user row before
          // page locks. Capture that filesystem generation before any delete work.
          const attachmentGeneration = await lockUserAttachmentGeneration(client, user.id);
          if (attachmentGeneration === undefined) {
            throw new ApiError(401, "UNAUTHENTICATED", "Authentication is required");
          }
          await assertCurrentAuthSessionBoundary(user.id, authScope, client);
    
          const receipt = await client.queryOne<BlockDeleteMutationReceipt>(
            `SELECT page_id, block_id, request_hash, page_content_version, attachment_ids, attachment_generation
             FROM block_delete_mutations
             WHERE actor_id = ? AND mutation_id = ?
             FOR UPDATE`,
            [user.id, mutationId]
          );
          if (receipt) {
            let assessment = assessBlockDeleteMutationReceipt(receipt, {
              blockId,
              requestHash: mutationHash
            });
            if (assessment.kind === "collision" && legacyMutationHash !== mutationHash) {
              const legacyAssessment = assessBlockDeleteMutationReceipt(receipt, {
                blockId,
                requestHash: legacyMutationHash
              });
              if (legacyAssessment.kind !== "collision") {
                assessment = legacyAssessment;
              }
            }
            if (assessment.kind === "collision") {
              throw new ApiError(
                409,
                "MUTATION_ID_REUSED",
                "This mutation id was already used for a different block deletion request. No additional block was deleted."
              );
            }
            if (assessment.kind === "incomplete") {
              throw new ApiError(
                500,
                "BLOCK_DELETE_RECEIPT_INCOMPLETE",
                "The block deletion receipt is incomplete. The deletion was not repeated."
              );
            }
            const replayAccess = await getPageAccess(assessment.pageId, user.id, client, { lockPage: true });
            if (replayAccess.role !== "OWNER" || replayAccess.page.owner_id !== user.id) {
              throw new ApiError(
                409,
                "BLOCK_DELETE_REPLAY_SUPERSEDED",
                "This deletion belongs to an older page ownership generation and was not replayed."
              );
            }
            const currentPageContentVersion = Number(replayAccess.page.content_version ?? 1);
            if (currentPageContentVersion !== assessment.pageContentVersion) {
              throw new ApiError(
                409,
                "BLOCK_DELETE_REPLAY_SUPERSEDED",
                "This deletion belongs to an older block generation. The page has changed since it completed, so the old deletion was not replayed. Refresh before deleting again."
              );
            }
            const recreatedBlock = await client.queryOne<{ id: string }>(
              "SELECT id FROM blocks WHERE id = ? AND page_id = ? FOR UPDATE",
              [assessment.blockId, assessment.pageId]
            );
            if (recreatedBlock) {
              throw new ApiError(
                409,
                "BLOCK_DELETE_REPLAY_SUPERSEDED",
                "This deletion belongs to an older block generation. A block with the same id now exists and was not deleted. Refresh before deleting again."
              );
            }
            return {
              pageId: assessment.pageId,
              ownerId: user.id,
              attachmentIds: assessment.attachmentIds,
              attachmentGeneration: assessment.attachmentGeneration,
              pageContentVersion: assessment.pageContentVersion,
              replayed: true
            };
          }
          const { block } = await assertAccessibleBlock(blockId, user.id, client);
          const lockedAccess = await getPageAccess(block.page_id, user.id, client, { lockPage: true, lockAccess: true });
          assertDirectBlockMutationAllowed(lockedAccess);
          assertPageNotArchived(lockedAccess.page);
          const hierarchyRows = await client.query<BlockRow>(
            "SELECT * FROM blocks WHERE page_id = ? ORDER BY sort_order ASC, id ASC FOR UPDATE",
            [block.page_id]
          );
          const subtreeRows = collectBlockSubtreeRows(blockId, hierarchyRows);
          assertBlockVersionSnapshot(subtreeRows, expectedVersions);
    
          let versionRows = subtreeRows;
          let attachmentIds = subtreeRows.filter((row) => row.type === "ATTACHMENT").map((row) => row.id);
          if (body.preserveChildren) {
            const expectedPageContentVersion = Number(body.expectedPageContentVersion);
            if (Number(lockedAccess.page.content_version ?? 1) !== expectedPageContentVersion) {
              throw new ApiError(
                409,
                "BLOCK_EDIT_CONFLICT",
                "The page changed in another session. Its block hierarchy was not modified."
              );
            }
            const target = hierarchyRows.find((row) => row.id === blockId);
            if (!target) throw notFound("Block");
            versionRows = hierarchyRows;
            attachmentIds = target.type === "ATTACHMENT" ? [target.id] : [];
            await promoteBlockChildrenBeforeDelete(client, target, hierarchyRows);
          }
    
          const deleteResult = await client.execute<{ affectedRows: number }>(
            "DELETE FROM blocks WHERE id = ? AND page_id = ?",
            [blockId, block.page_id]
          );
          if (Number(deleteResult.affectedRows) !== 1) {
            throw new ApiError(
              409,
              "BLOCK_EDIT_CONFLICT",
              "The block changed before deletion completed. Nothing was deleted."
            );
          }
          const pageContentVersion = await advancePageContentVersion(client, block.page_id, lockedAccess.page.owner_id);
          const afterRows = body.preserveChildren
            ? await client.query<BlockRow>(
                "SELECT * FROM blocks WHERE page_id = ? ORDER BY sort_order ASC, id ASC",
                [block.page_id]
              )
            : [];
          await recordPageVersion(client, {
            pageId: block.page_id,
            actors: [toPageVersionActor(user)],
            source: "BLOCK_DELETE",
            changes: diffPageVersionBlocks(versionRows, afterRows)
          });
          await client.execute(
            `INSERT INTO block_delete_mutations
               (actor_id, mutation_id, page_id, block_id, request_hash, page_content_version, attachment_ids, attachment_generation)
             VALUES (?, ?, ?, ?, ?, ?, ?, ?)`,
            [
              user.id,
              mutationId,
              block.page_id,
              blockId,
              mutationHash,
              pageContentVersion,
              JSON.stringify(attachmentIds),
              attachmentGeneration
            ]
          );
          return {
            pageId: block.page_id,
            ownerId: lockedAccess.page.owner_id,
            attachmentIds,
            attachmentGeneration,
            pageContentVersion,
            replayed: false
          };
        });
        // A pre-migration receipt has no trustworthy filesystem generation.
        // Replay the already-committed SQL delete, but never let that legacy receipt
        // authorize filesystem cleanup in whichever workspace generation exists now.
        if (deletion.attachmentGeneration !== undefined) {
          await removeDeletedAttachmentFiles(
            deletion.ownerId,
            deletion.attachmentIds,
            deletion.attachmentGeneration
          );
        }
        res.status(204).send();
      } catch (error) {
        next(error);
      }
      }
    );
    
    blockRouter.post(
      "/pages/:pageId/blocks/reorder",
      validate({ params: idParamSchema, body: reorderSchema }),
      async (req, res, next) => {
        try {
          const user = requireUser(req.user);
          const authScope = requireRequestAuthScope(req);
          const pageId = String(req.params.pageId);
          const { items, mutationId } = req.body as z.infer<typeof reorderSchema>;
          const mutationHash = mutationId ? createMutationRequestHash({ pageId, items }) : undefined;
    
          const result = await transaction(async (client) => {
            await assertCurrentAuthSessionBoundary(user.id, authScope, client);
            const lockedAccess = await getPageAccess(pageId, user.id, client, { lockPage: true, lockAccess: true });
            const lockedPage = lockedAccess.page;
    
            if (mutationId) {
              const receipt = await client.queryOne<{ page_id: string; request_hash: string | null }>(
                `SELECT page_id, request_hash
                 FROM block_order_mutations
                 WHERE owner_id = ? AND mutation_id = ?
                 FOR UPDATE`,
                [user.id, mutationId]
              );
              if (receipt) {
                if (receipt.page_id !== pageId || !mutationHash || receipt.request_hash !== mutationHash) {
                  throw new ApiError(
                    409,
                    "MUTATION_ID_REUSED",
                    "This mutation id was already used for a different request. The new order was not applied."
                  );
                }
                const rows = await client.query<BlockRow>(
                  "SELECT * FROM blocks WHERE page_id = ? ORDER BY sort_order ASC, id ASC",
                  [pageId]
                );
                return { rows, pageContentVersion: Number(lockedPage.content_version ?? 1), pageUpdatedAt: lockedPage.updated_at };
              }
            }
    
            // Like block create/delete/move receipts, a completed reorder receipt is
            // safe to replay after the page becomes shared because no write occurs.
            assertDirectBlockMutationAllowed(lockedAccess);
            assertPageNotArchived(lockedPage);
    
            const hierarchyRows = await client.query<BlockRow>(
              "SELECT * FROM blocks WHERE page_id = ? ORDER BY id ASC FOR UPDATE",
              [pageId]
            );
            const rowById = new Map(hierarchyRows.map((row) => [row.id, row]));
            const itemIds = new Set(items.map((item) => item.id));
            if (itemIds.size !== items.length || items.some((item) => !rowById.has(item.id))) {
              throw new ApiError(400, "INVALID_BLOCKS", "All reordered blocks must belong to the page");
            }
    
            for (const item of items) {
              const current = rowById.get(item.id)!;
              if (Number(current.edit_version ?? 1) !== item.expectedVersion) {
                throw new ApiError(
                  409,
                  "BLOCK_EDIT_CONFLICT",
                  "The block order changed in another session. Your stale order was not applied."
                );
              }
              if (item.parentBlockId && !rowById.has(item.parentBlockId)) {
                throw new ApiError(400, "INVALID_PARENT_BLOCK", "Parent block must exist on the same page");
              }
              if (item.parentBlockId === item.id) {
                throw new ApiError(400, "INVALID_PARENT_BLOCK", "A block cannot be its own parent");
              }
            }
    
            // Reorders are sibling-list snapshots, not sparse position patches. A block
            // can be created or moved into one of these parents without changing the
            // edit_version of any block named by this stale request. Require each
            // affected final sibling list to be complete before writing so an unlisted
            // concurrent sibling cannot be assigned a duplicate/obsolete position.
            const requestedParentById = new Map<string, string | null>();
            const affectedParentIds = new Set<string | null>();
            for (const item of items) {
              const current = rowById.get(item.id)!;
              const requestedParentId =
                item.parentBlockId === undefined ? current.parent_block_id : item.parentBlockId;
              requestedParentById.set(item.id, requestedParentId);
              affectedParentIds.add(current.parent_block_id);
              affectedParentIds.add(requestedParentId);
            }
    
            for (const parentBlockId of affectedParentIds) {
              const requestedSiblings = items.filter(
                (item) => requestedParentById.get(item.id) === parentBlockId
              );
              const requestedSiblingIds = new Set(requestedSiblings.map((item) => item.id));
              const finalSiblingIds = hierarchyRows
                .filter((row) => {
                  const finalParentId = requestedParentById.has(row.id)
                    ? requestedParentById.get(row.id)!
                    : row.parent_block_id;
                  return finalParentId === parentBlockId;
                })
                .map((row) => row.id);
    
              if (
                finalSiblingIds.length !== requestedSiblings.length
                || finalSiblingIds.some((id) => !requestedSiblingIds.has(id))
              ) {
                throw new ApiError(
                  409,
                  "BLOCK_EDIT_CONFLICT",
                  "The sibling list changed in another session. Your stale order was not applied."
                );
              }
    
              const requestedSortOrders = requestedSiblings
                .map((item) => item.sortOrder)
                .sort((left, right) => left - right);
              if (requestedSortOrders.some((sortOrder, index) => sortOrder !== index)) {
                throw new ApiError(
                  400,
                  "INVALID_BLOCK_ORDER",
                  "Each affected sibling list must use every sort position exactly once."
                );
              }
            }
    
            assertReorderDoesNotCreateCycle(hierarchyRows, items);
    
            for (const item of items) {
              const result = item.parentBlockId !== undefined
                ? await client.execute<{ affectedRows: number }>(
                    `UPDATE blocks
                     SET sort_order = ?, parent_block_id = ?, last_mutation_id = NULL,
                         last_mutation_hash = NULL, edit_version = edit_version + 1
                     WHERE id = ? AND page_id = ? AND edit_version = ? AND edit_version < ?`,
                    [item.sortOrder, item.parentBlockId, item.id, pageId, item.expectedVersion, Number.MAX_SAFE_INTEGER]
                  )
                : await client.execute<{ affectedRows: number }>(
                    `UPDATE blocks
                     SET sort_order = ?, last_mutation_id = NULL, last_mutation_hash = NULL,
                         edit_version = edit_version + 1
                     WHERE id = ? AND page_id = ? AND edit_version = ? AND edit_version < ?`,
                    [item.sortOrder, item.id, pageId, item.expectedVersion, Number.MAX_SAFE_INTEGER]
                  );
              if (Number(result.affectedRows) !== 1) {
                throw new ApiError(
                  409,
                  "BLOCK_EDIT_CONFLICT",
                  "The block order changed in another session. Your stale order was not applied."
                );
              }
            }
    
            let pageUpdatedAt: PageRow["updated_at"] | undefined;
            const pageContentVersion = await advancePageContentVersion(client, pageId, lockedAccess.page.owner_id, (page) => {
              pageUpdatedAt = page.updated_at;
            });
            if (mutationId && mutationHash) {
              await client.execute(
                `INSERT INTO block_order_mutations (owner_id, mutation_id, page_id, request_hash)
                 VALUES (?, ?, ?, ?)`,
                [user.id, mutationId, pageId, mutationHash]
              );
            }
            const rows = await client.query<BlockRow>(
              "SELECT * FROM blocks WHERE page_id = ? ORDER BY sort_order ASC, id ASC",
              [pageId]
            );
            await recordPageVersion(client, {
              pageId,
              actors: [toPageVersionActor(user)],
              source: "BLOCK_REORDER",
              changes: diffPageVersionBlocks(hierarchyRows, rows)
            });
            return { rows, pageContentVersion, pageUpdatedAt };
          });
    
          res.json({ blocks: result.rows.map(toBlock), pageContentVersion: result.pageContentVersion, pageUpdatedAt: result.pageUpdatedAt });
        } catch (error) {
          next(error);
        }
      }
    );
    
  operator: 'match'
  stack: |-
    TestContext.<anonymous> (file:///mnt/data/BrainVault_work/tests/database-url-preview.node.test.mjs:120:10)
    Test.runInAsyncScope (node:async_hooks:214:14)
    Test.run (node:internal/test_runner/test:1047:25)
    Test.processPendingSubtests (node:internal/test_runner/test:744:18)
    Test.postRun (node:internal/test_runner/test:1173:19)
    Test.run (node:internal/test_runner/test:1101:12)
    async Test.processPendingSubtests (node:internal/test_runner/test:744:7)
  ...
# Subtest: delegated page creation locks actor and owner before auth/workspace fences
ok 409 - delegated page creation locks actor and owner before auth/workspace fences
  ---
  duration_ms: 12.760487
  type: 'test'
  ...
# Subtest: collection-share mutations deterministically lock actor, owner, and affected user
ok 410 - collection-share mutations deterministically lock actor, owner, and affected user
  ---
  duration_ms: 3.073816
  type: 'test'
  ...
# Subtest: direct page sharing locks owner/actor/target before auth and binds target identity
ok 411 - direct page sharing locks owner/actor/target before auth and binds target identity
  ---
  duration_ms: 0.956261
  type: 'test'
  ...
# Subtest: race model shows reciprocal actor-first locks cycle while sorted locks do not
ok 412 - race model shows reciprocal actor-first locks cycle while sorted locks do not
  ---
  duration_ms: 64.553753
  type: 'test'
  ...
# Subtest: delegated page creation captures and fences the page owner's workspace generation
ok 413 - delegated page creation captures and fences the page owner's workspace generation
  ---
  duration_ms: 4.462654
  type: 'test'
  ...
# Subtest: comment mutations bind the page owner's generation before the page lock
ok 414 - comment mutations bind the page owner's generation before the page lock
  ---
  duration_ms: 4.798455
  type: 'test'
  ...
# Subtest: delegated collection-share mutations fence the collection owner's workspace generation
ok 415 - delegated collection-share mutations fence the collection owner's workspace generation
  ---
  duration_ms: 0.463627
  type: 'test'
  ...
# Subtest: race model rejects stale delegated mutations even when stable IDs and grants reappear
ok 416 - race model rejects stale delegated mutations even when stable IDs and grants reappear
  ---
  duration_ms: 64.171867
  type: 'test'
  ...
# Subtest: page administration admission binds owner generation and collection-admin grant
ok 417 - page administration admission binds owner generation and collection-admin grant
  ---
  duration_ms: 4.870935
  type: 'test'
  ...
# Subtest: page update, archive, and tag writes fence delegated administration before mutation
ok 418 - page update, archive, and tag writes fence delegated administration before mutation
  ---
  duration_ms: 1.655544
  type: 'test'
  ...
# Subtest: collection-admin direct-share removal fences owner restore and current admin grant
ok 419 - collection-admin direct-share removal fences owner restore and current admin grant
  ---
  duration_ms: 0.78352
  type: 'test'
  ...
# Subtest: race model rejects stale delegated page-admin writes while preserving same-generation writes
ok 420 - race model rejects stale delegated page-admin writes while preserving same-generation writes
  ---
  duration_ms: 49.361343
  type: 'test'
  ...
# Subtest: page delete rechecks navigation after snapshot, transition, and request preflight waits
ok 421 - page delete rechecks navigation after snapshot, transition, and request preflight waits
  ---
  duration_ms: 27.789118
  type: 'test'
  ...
# Subtest: block delete carries the initiating navigation through transition and request preflight waits
ok 422 - block delete carries the initiating navigation through transition and request preflight waits
  ---
  duration_ms: 25.443085
  type: 'test'
  ...
# Subtest: collaborative delete rechecks intent after its queued local-mutation wait
ok 423 - collaborative delete rechecks intent after its queued local-mutation wait
  ---
  duration_ms: 19.473694
  type: 'test'
  ...
# Subtest: api evaluates a destructive request gate synchronously at the transport dispatch boundary
ok 424 - api evaluates a destructive request gate synchronously at the transport dispatch boundary
  ---
  duration_ms: 23.386726
  type: 'test'
  ...
# Subtest: standalone page-delete reproduction covers every late pre-submit navigation window
ok 425 - standalone page-delete reproduction covers every late pre-submit navigation window
  ---
  duration_ms: 62.642738
  type: 'test'
  ...
# Subtest: standalone block-delete reproduction covers transition and request-preflight navigation windows
ok 426 - standalone block-delete reproduction covers transition and request-preflight navigation windows
  ---
  duration_ms: 49.469509
  type: 'test'
  ...
# Subtest: attachment replacement keeps destructive follow-up bound to the upload navigation and auth scope
ok 427 - attachment replacement keeps destructive follow-up bound to the upload navigation and auth scope
  ---
  duration_ms: 17.384027
  type: 'test'
  ...
# Subtest: standalone attachment replacement reproduction covers late navigation and auth rotation
ok 428 - standalone attachment replacement reproduction covers late navigation and auth rotation
  ---
  duration_ms: 109.627608
  type: 'test'
  ...
# Subtest: page and block move dialogs use the defined theme panel surface
ok 429 - page and block move dialogs use the defined theme panel surface
  ---
  duration_ms: 2.393993
  type: 'test'
  ...
# Subtest: modal and picker surfaces share the restrained dialog radius token
ok 430 - modal and picker surfaces share the restrained dialog radius token
  ---
  duration_ms: 2.113846
  type: 'test'
  ...
# Subtest: move-dialog surfaces do not depend on the removed undefined surface tokens
ok 431 - move-dialog surfaces do not depend on the removed undefined surface tokens
  ---
  duration_ms: 0.96184
  type: 'test'
  ...
# Subtest: dark mode keeps an explicit opaque move-dialog surface and backdrop styling
ok 432 - dark mode keeps an explicit opaque move-dialog surface and backdrop styling
  ---
  duration_ms: 2.261092
  type: 'test'
  ...
# Subtest: mutation-id rotation waits for durable identity persistence before retry
ok 433 - mutation-id rotation waits for durable identity persistence before retry
  ---
  duration_ms: 6.697668
  type: 'test'
  ...
# Subtest: block-order submit cannot start before the direct recovery durability barrier
ok 434 - block-order submit cannot start before the direct recovery durability barrier
  ---
  duration_ms: 32.876586
  type: 'test'
  ...
# Subtest: recovered titles are fenced from automatic authoritative promotion
ok 435 - recovered titles are fenced from automatic authoritative promotion
  ---
  duration_ms: 18.706133
  type: 'test'
  ...
# Subtest: direct block HTTP saves cannot outrun strict browser recovery admission
ok 436 - direct block HTTP saves cannot outrun strict browser recovery admission
  ---
  duration_ms: 2.484045
  type: 'test'
  ...
# Subtest: direct title HTTP saves cannot outrun strict browser recovery admission
ok 437 - direct title HTTP saves cannot outrun strict browser recovery admission
  ---
  duration_ms: 0.434308
  type: 'test'
  ...
# Subtest: application-controlled page flush waits for queued recovery storage writes
ok 438 - application-controlled page flush waits for queued recovery storage writes
  ---
  duration_ms: 0.354709
  type: 'test'
  ...
# Subtest: recovery durability failures fail closed outside the authoritative server drain
ok 439 - recovery durability failures fail closed outside the authoritative server drain
  ---
  duration_ms: 0.276417
  type: 'test'
  ...
# Subtest: direct block edits roll back when synchronous recovery admission is rejected
ok 440 - direct block edits roll back when synchronous recovery admission is rejected
  ---
  duration_ms: 0.576166
  type: 'test'
  ...
# Subtest: direct edits are hidden until their strict recovery transaction completes
ok 441 - direct edits are hidden until their strict recovery transaction completes
  ---
  duration_ms: 12.565641
  type: 'test'
  ...
# Subtest: direct recovery rejects incomplete block payloads without overwriting their raw evidence
ok 442 - direct recovery rejects incomplete block payloads without overwriting their raw evidence
  ---
  duration_ms: 5.756135
  type: 'test'
  ...
# Subtest: direct recovery rejects invalid metadata and unknown payload fields losslessly
ok 443 - direct recovery rejects invalid metadata and unknown payload fields losslessly
  ---
  duration_ms: 0.698982
  type: 'test'
  ...
# Subtest: valid complete block recovery payloads remain readable
ok 444 - valid complete block recovery payloads remain readable
  ---
  duration_ms: 0.500503
  type: 'test'
  ...
# Subtest: direct recovery rejects malformed block writes before they can poison a recoverable record
ok 445 - direct recovery rejects malformed block writes before they can poison a recoverable record
  ---
  duration_ms: 2.332626
  type: 'test'
  ...
# Subtest: direct recovery safely persists prototype-named block ids
ok 446 - direct recovery safely persists prototype-named block ids
  ---
  duration_ms: 1.293081
  type: 'test'
  ...
# Subtest: direct recovery block maps do not fall through to Object.prototype
ok 447 - direct recovery block maps do not fall through to Object.prototype
  ---
  duration_ms: 1.635441
  type: 'test'
  ...
# Subtest: direct recovery accepts complete block writes that remain readable
ok 448 - direct recovery accepts complete block writes that remain readable
  ---
  duration_ms: 0.726903
  type: 'test'
  ...
# Subtest: direct recovery rejects JSON-lossy block metadata before modifying durable recovery state
ok 449 - direct recovery rejects JSON-lossy block metadata before modifying durable recovery state
  ---
  duration_ms: 1.935025
  type: 'test'
  ...
# Subtest: direct recovery rejects unsafe integer metadata before unrelated mutations can rewrite it
ok 450 - direct recovery rejects unsafe integer metadata before unrelated mutations can rewrite it
  ---
  duration_ms: 0.795447
  type: 'test'
  ...
# Subtest: direct recovery snapshots validated metadata before persistence so Proxy reads cannot change it
ok 451 - direct recovery snapshots validated metadata before persistence so Proxy reads cannot change it
  ---
  duration_ms: 3.129678
  type: 'test'
  ...
# Subtest: direct recovery rejects hidden, symbolic, and accessor-backed payload fields without replacing good recovery
ok 452 - direct recovery rejects hidden, symbolic, and accessor-backed payload fields without replacing good recovery
  ---
  duration_ms: 7.344912
  type: 'test'
  ...
# Subtest: direct recovery preserves nested JSON metadata exactly
ok 453 - direct recovery preserves nested JSON metadata exactly
  ---
  duration_ms: 1.013957
  type: 'test'
  ...
# Subtest: direct recovery rejects unknown wrapper fields before a save or delete can project them away
ok 454 - direct recovery rejects unknown wrapper fields before a save or delete can project them away
  ---
  duration_ms: 7.051616
  type: 'test'
  ...
# Subtest: direct recovery rejects coercive numeric metadata before unrelated mutations can rewrite it
ok 455 - direct recovery rejects coercive numeric metadata before unrelated mutations can rewrite it
  ---
  duration_ms: 1.351064
  type: 'test'
  ...
# Subtest: direct recovery rejects duplicate JSON object names before a mutation can erase shadowed recovery bytes
ok 456 - direct recovery rejects duplicate JSON object names before a mutation can erase shadowed recovery bytes
  ---
  duration_ms: 2.96634
  type: 'test'
  ...
# Subtest: foreign-source CAS and durable cleanup refuse a duplicate-key record that parses like the old snapshot
ok 457 - foreign-source CAS and durable cleanup refuse a duplicate-key record that parses like the old snapshot
  ---
  duration_ms: 1.946033
  type: 'test'
  ...
# Subtest: removeBlockIfUnchanged rejects toJSON spoofing instead of deleting a different durable draft
ok 458 - removeBlockIfUnchanged rejects toJSON spoofing instead of deleting a different durable draft
  ---
  duration_ms: 0.494316
  type: 'test'
  ...
# Subtest: page recovery cleanup rejects toJSON spoofing instead of deleting a different draft
ok 459 - page recovery cleanup rejects toJSON spoofing instead of deleting a different draft
  ---
  duration_ms: 0.808748
  type: 'test'
  ...
# Subtest: cross-source page cleanup preserves a newer draft written after inspection
ok 460 - cross-source page cleanup preserves a newer draft written after inspection
  ---
  duration_ms: 1.418893
  type: 'test'
  ...
# Subtest: same-source block cleanup refuses to overwrite a newer recovery snapshot
ok 461 - same-source block cleanup refuses to overwrite a newer recovery snapshot
  ---
  duration_ms: 5.102439
  type: 'test'
  ...
# Subtest: collaboration title validation preserves an exact-limit value
ok 462 - collaboration title validation preserves an exact-limit value
  ---
  duration_ms: 3.187895
  type: 'test'
  ...
# Subtest: collaboration title validation rejects rather than truncates an over-limit value
ok 463 - collaboration title validation rejects rather than truncates an over-limit value
  ---
  duration_ms: 0.379177
  type: 'test'
  ...
# Subtest: collaboration block validation rejects rather than truncates an over-limit value
ok 464 - collaboration block validation rejects rather than truncates an over-limit value
  ---
  duration_ms: 0.186381
  type: 'test'
  ...
# Subtest: collaboration block validation preserves an exact-limit value
ok 465 - collaboration block validation preserves an exact-limit value
  ---
  duration_ms: 2.406905
  type: 'test'
  ...
# Subtest: undo/redo integration reuses durable block and title save paths
ok 466 - undo/redo integration reuses durable block and title save paths
  ---
  duration_ms: 4.076826
  type: 'test'
  ...
# Subtest: keyboard and beforeinput undo/redo commands are supported
ok 467 - keyboard and beforeinput undo/redo commands are supported
  ---
  duration_ms: 1.929705
  type: 'test'
  ...
# Subtest: block history coalesces only text edits from the same editor field
ok 468 - block history coalesces only text edits from the same editor field
  ---
  duration_ms: 1.584361
  type: 'test'
  ...
# Subtest: collaboration and stale-state guards prevent overwriting newer content
ok 469 - collaboration and stale-state guards prevent overwriting newer content
  ---
  duration_ms: 2.057433
  type: 'test'
  ...
# Subtest: history is captured only after the existing durability boundary succeeds
ok 470 - history is captured only after the existing durability boundary succeeds
  ---
  duration_ms: 1.262701
  type: 'test'
  ...
# Subtest: editor history coalesces typing and supports undo/redo
ok 471 - editor history coalesces typing and supports undo/redo
  ---
  duration_ms: 2.045375
  type: 'test'
  ...
# Subtest: editor history keeps distinct fields in the same block as separate undo steps
ok 472 - editor history keeps distinct fields in the same block as separate undo steps
  ---
  duration_ms: 1.602248
  type: 'test'
  ...
# Subtest: new edits after undo clear redo
ok 473 - new edits after undo clear redo
  ---
  duration_ms: 0.75267
  type: 'test'
  ...
# Subtest: history is page-scoped and bounded
ok 474 - history is page-scoped and bounded
  ---
  duration_ms: 0.832194
  type: 'test'
  ...
# Subtest: stale entries can be discarded without entering redo
ok 475 - stale entries can be discarded without entering redo
  ---
  duration_ms: 3.365988
  type: 'test'
  ...
# Subtest: the compact emoji value list exactly matches the authoritative searchable dataset
ok 476 - the compact emoji value list exactly matches the authoritative searchable dataset
  ---
  duration_ms: 3.029616
  type: 'test'
  ...
# Subtest: localized emoji search metadata loads lazily and preserves the original lookup semantics
ok 477 - localized emoji search metadata loads lazily and preserves the original lookup semantics
  ---
  duration_ms: 14.646682
  type: 'test'
  ...
# Subtest: the workspace no longer eagerly imports the large searchable dataset and handles lazy-load races
ok 478 - the workspace no longer eagerly imports the large searchable dataset and handles lazy-load races
  ---
  duration_ms: 3.552092
  type: 'test'
  ...
# node:internal/modules/esm/get_format:219
#   throw new ERR_UNKNOWN_FILE_EXTENSION(ext, filepath);
#         ^
# TypeError [ERR_UNKNOWN_FILE_EXTENSION]: Unknown file extension ".ts" for /mnt/data/BrainVault_work/src/lib/filesystem-presence.ts
#     at Object.getFileProtocolModuleFormat [as file:] (node:internal/modules/esm/get_format:219:9)
#     at defaultGetFormat (node:internal/modules/esm/get_format:245:36)
#     at defaultLoad (node:internal/modules/esm/load:120:22)
#     at async ModuleLoader.loadAndTranslate (node:internal/modules/esm/loader:580:32) {
#   code: 'ERR_UNKNOWN_FILE_EXTENSION'
# }
# Node.js v22.16.0
# Subtest: tests/filesystem-presence-integrity.node.test.mjs
not ok 124 - tests/filesystem-presence-integrity.node.test.mjs
  ---
  duration_ms: 95.687602
  type: 'test'
  location: '/mnt/data/BrainVault_work/tests/filesystem-presence-integrity.node.test.mjs:1:1'
  failureType: 'testCodeFailure'
  exitCode: 1
  signal: ~
  error: 'test failed'
  code: 'ERR_TEST_FAILURE'
  ...
# Subtest: Gantt server rendering reuses the three fixed UTC date formatters
not ok 480 - Gantt server rendering reuses the three fixed UTC date formatters
  ---
  duration_ms: 6.610562
  type: 'test'
  location: '/mnt/data/BrainVault_work/tests/gantt-render-optimization.node.test.mjs:31:1'
  failureType: 'testCodeFailure'
  error: 'Unknown file extension ".ts" for /mnt/data/BrainVault_work/src/lib/gantt.ts'
  code: 'ERR_UNKNOWN_FILE_EXTENSION'
  name: 'TypeError'
  stack: |-
    Object.getFileProtocolModuleFormat [as file:] (node:internal/modules/esm/get_format:219:9)
    defaultGetFormat (node:internal/modules/esm/get_format:245:36)
    defaultLoad (node:internal/modules/esm/load:120:22)
    async ModuleLoader.loadAndTranslate (node:internal/modules/esm/loader:580:32)
    async ModuleJob._link (node:internal/modules/esm/module_job:116:19)
  ...
# Subtest: Gantt task-invariant timeline decorations are computed outside the task loop without changing rendered multiplicity
not ok 481 - Gantt task-invariant timeline decorations are computed outside the task loop without changing rendered multiplicity
  ---
  duration_ms: 3.99577
  type: 'test'
  location: '/mnt/data/BrainVault_work/tests/gantt-render-optimization.node.test.mjs:57:1'
  failureType: 'testCodeFailure'
  error: 'Unknown file extension ".ts" for /mnt/data/BrainVault_work/src/lib/gantt.ts'
  code: 'ERR_UNKNOWN_FILE_EXTENSION'
  name: 'TypeError'
  stack: |-
    Object.getFileProtocolModuleFormat [as file:] (node:internal/modules/esm/get_format:219:9)
    defaultGetFormat (node:internal/modules/esm/get_format:245:36)
    defaultLoad (node:internal/modules/esm/load:120:22)
    async ModuleLoader.loadAndTranslate (node:internal/modules/esm/loader:580:32)
    async ModuleJob._link (node:internal/modules/esm/module_job:116:19)
  ...
# Subtest: localized date/time formatting preserves output while reusing formatters by locale and options
ok 482 - localized date/time formatting preserves output while reusing formatters by locale and options
  ---
  duration_ms: 77.719192
  type: 'test'
  ...
# Subtest: high-volume client formatting routes through the shared i18n formatter caches
ok 483 - high-volume client formatting routes through the shared i18n formatter caches
  ---
  duration_ms: 3.691159
  type: 'test'
  ...
# Subtest: localized number formatting preserves output while reusing one formatter per locale
ok 484 - localized number formatting preserves output while reusing one formatter per locale
  ---
  duration_ms: 45.816523
  type: 'test'
  ...
# Subtest: custom number options and region names preserve output while reusing Intl formatters
ok 485 - custom number options and region names preserve output while reusing Intl formatters
  ---
  duration_ms: 21.776029
  type: 'test'
  ...
# Subtest: icon-picker targets have stable page-scoped keys
ok 486 - icon-picker targets have stable page-scoped keys
  ---
  duration_ms: 0.806156
  type: 'test'
  ...
# Subtest: icon-picker operations reject closed, replaced, and cross-page intent
ok 487 - icon-picker operations reject closed, replaced, and cross-page intent
  ---
  duration_ms: 0.247013
  type: 'test'
  ...
# Subtest: custom icon file reads and save completion UI remain scoped to the originating picker
ok 488 - custom icon file reads and save completion UI remain scoped to the originating picker
  ---
  duration_ms: 17.41608
  type: 'test'
  ...
# Subtest: standalone reproduction demonstrates stale custom-icon file application
ok 489 - standalone reproduction demonstrates stale custom-icon file application
  ---
  duration_ms: 68.367375
  type: 'test'
  ...
# Subtest: fails closed when strict IndexedDB durability cannot be confirmed
ok 490 - fails closed when strict IndexedDB durability cannot be confirmed
  ---
  duration_ms: 8.216079
  type: 'test'
  ...
# Subtest: uses strict durability for every recovery write transaction
ok 491 - uses strict durability for every recovery write transaction
  ---
  duration_ms: 37.907384
  type: 'test'
  ...
# Subtest: flush drains recovery writes queued while the barrier is in flight
ok 492 - flush drains recovery writes queued while the barrier is in flight
  ---
  duration_ms: 9.326681
  type: 'test'
  ...
# Subtest: reports and flush-rejects failed recovery deletions instead of silently discarding them
ok 493 - reports and flush-rejects failed recovery deletions instead of silently discarding them
  ---
  duration_ms: 10.646798
  type: 'test'
  ...
# Subtest: failed recovery deletion cannot overwrite a newer local recovery write
ok 494 - failed recovery deletion cannot overwrite a newer local recovery write
  ---
  duration_ms: 11.091422
  type: 'test'
  ...
# Subtest: restores still-durable recovery records when a clear transaction fails
ok 495 - restores still-durable recovery records when a clear transaction fails
  ---
  duration_ms: 12.718025
  type: 'test'
  ...
# Subtest: failed recovery clear preserves newer local writes while restoring untouched records
ok 496 - failed recovery clear preserves newer local writes while restoring untouched records
  ---
  duration_ms: 13.035209
  type: 'test'
  ...
# Subtest: successful recovery clear cannot resurrect a value from an older failed delete
ok 497 - successful recovery clear cannot resurrect a value from an older failed delete
  ---
  duration_ms: 28.773819
  type: 'test'
  ...
# Subtest: keeps the legacy recovery copy when post-commit migration verification fails
ok 498 - keeps the legacy recovery copy when post-commit migration verification fails
  ---
  duration_ms: 8.567768
  type: 'test'
  ...
# Subtest: migrates legacy recovery after IndexedDB commit without destructively removing the fallback
ok 499 - migrates legacy recovery after IndexedDB commit without destructively removing the fallback
  ---
  duration_ms: 16.258041
  type: 'test'
  ...
# Subtest: deleted migrated legacy recovery does not resurrect on restart
ok 500 - deleted migrated legacy recovery does not resurrect on restart
  ---
  duration_ms: 10.950221
  type: 'test'
  ...
# Subtest: durable acknowledgement of migrated legacy recovery stays deleted after restart
ok 501 - durable acknowledgement of migrated legacy recovery stays deleted after restart
  ---
  duration_ms: 13.634561
  type: 'test'
  ...
# Subtest: clearing migrated recovery does not re-import retained legacy fallbacks
ok 502 - clearing migrated recovery does not re-import retained legacy fallbacks
  ---
  duration_ms: 21.128219
  type: 'test'
  ...
# Subtest: cross-tab clear preserves a newer durable legacy migration receipt
ok 503 - cross-tab clear preserves a newer durable legacy migration receipt
  ---
  duration_ms: 29.402293
  type: 'test'
  ...
# Subtest: legacy migration never deletes a newer recovery write from an older tab
ok 504 - legacy migration never deletes a newer recovery write from an older tab
  ---
  duration_ms: 14.376971
  type: 'test'
  ...
# Subtest: captures legacy recovery created during the final migration pass before listener handoff
ok 505 - captures legacy recovery created during the final migration pass before listener handoff
  ---
  duration_ms: 8.927318
  type: 'test'
  ...
# Subtest: legacy storage deletion removes the exact migrated IndexedDB recovery
ok 506 - legacy storage deletion removes the exact migrated IndexedDB recovery
  ---
  duration_ms: 12.745419
  type: 'test'
  ...
# Subtest: ignores same-key recovery deletion events from a different Storage area
ok 507 - ignores same-key recovery deletion events from a different Storage area
  ---
  duration_ms: 7.358195
  type: 'test'
  ...
# Subtest: delayed legacy deletion reconciles a newer current legacy draft instead of hiding it
ok 508 - delayed legacy deletion reconciles a newer current legacy draft instead of hiding it
  ---
  duration_ms: 9.103322
  type: 'test'
  ...
# Subtest: legacy deletion cannot remove a newer IndexedDB value for the same recovery key
ok 509 - legacy deletion cannot remove a newer IndexedDB value for the same recovery key
  ---
  duration_ms: 8.796919
  type: 'test'
  ...
# Subtest: delayed legacy write cannot resurrect an acknowledged migrated recovery
ok 510 - delayed legacy write cannot resurrect an acknowledged migrated recovery
  ---
  duration_ms: 15.545787
  type: 'test'
  ...
# Subtest: delayed legacy write cannot overwrite newer IndexedDB recovery for the same key
ok 511 - delayed legacy write cannot overwrite newer IndexedDB recovery for the same key
  ---
  duration_ms: 15.03302
  type: 'test'
  ...
# Subtest: delayed changed legacy write cannot overwrite a newer IndexedDB recovery value
ok 512 - delayed changed legacy write cannot overwrite a newer IndexedDB recovery value
  ---
  duration_ms: 17.689439
  type: 'test'
  ...
# Subtest: stores large binary recovery values without localStorage/base64 expansion
ok 513 - stores large binary recovery values without localStorage/base64 expansion
  ---
  duration_ms: 29.918766
  type: 'test'
  ...
# Subtest: cross-tab mirrors refresh only after another tab commits IndexedDB recovery
ok 514 - cross-tab mirrors refresh only after another tab commits IndexedDB recovery
  ---
  duration_ms: 18.414416
  type: 'test'
  ...
# Subtest: foreign draft acknowledgement cannot overwrite a newer cross-tab IndexedDB draft
ok 515 - foreign draft acknowledgement cannot overwrite a newer cross-tab IndexedDB draft
  ---
  duration_ms: 25.931972
  type: 'test'
  ...
# Subtest: delayed cross-tab delete cannot hide a newer durable recovery write
ok 516 - delayed cross-tab delete cannot hide a newer durable recovery write
  ---
  duration_ms: 14.999242
  type: 'test'
  ...
# Subtest: atomic compare-and-remove cannot hide a newer same-tab recovery write
ok 517 - atomic compare-and-remove cannot hide a newer same-tab recovery write
  ---
  duration_ms: 12.442641
  type: 'test'
  ...
# Subtest: cross-tab reconciliation cannot hide a newer same-tab write while its IndexedDB read is in flight
ok 518 - cross-tab reconciliation cannot hide a newer same-tab write while its IndexedDB read is in flight
  ---
  duration_ms: 12.100534
  type: 'test'
  ...
# Failed to refresh cross-tab recovery storage state Error: simulated IndexedDB read failure for brainvault.pageDraft.v2:user:page:writer
#     at finishRead (file:///mnt/data/BrainVault_work/tests/indexeddb-recovery-storage.node.test.mjs:101:33)
#     at file:///mnt/data/BrainVault_work/tests/indexeddb-recovery-storage.node.test.mjs:120:19
#     at node:internal/process/task_queues:151:7
#     at AsyncResource.runInAsyncScope (node:async_hooks:214:14)
#     at AsyncResource.runMicrotask (node:internal/process/task_queues:148:8)
# Subtest: cross-tab refresh failures stay unhealthy until a full IndexedDB reload succeeds
ok 519 - cross-tab refresh failures stay unhealthy until a full IndexedDB reload succeeds
  ---
  duration_ms: 13.329144
  type: 'test'
  ...
# Subtest: atomic compare-and-remove preserves a newer direct draft committed by another tab
ok 520 - atomic compare-and-remove preserves a newer direct draft committed by another tab
  ---
  duration_ms: 17.999096
  type: 'test'
  ...
# Subtest: atomic compare-and-remove preserves a newer collaboration generation committed by another tab
ok 521 - atomic compare-and-remove preserves a newer collaboration generation committed by another tab
  ---
  duration_ms: 24.611773
  type: 'test'
  ...
# Subtest: delayed legacy deletion cannot remove a newer same-byte IndexedDB generation
ok 522 - delayed legacy deletion cannot remove a newer same-byte IndexedDB generation
  ---
  duration_ms: 15.350683
  type: 'test'
  ...
# Subtest: delayed changed legacy write cannot overwrite a newer same-byte IndexedDB generation
ok 523 - delayed changed legacy write cannot overwrite a newer same-byte IndexedDB generation
  ---
  duration_ms: 15.397672
  type: 'test'
  ...
# Subtest: initialization journal preserves the newest same-key legacy generation across both migration passes
ok 524 - initialization journal preserves the newest same-key legacy generation across both migration passes
  ---
  duration_ms: 14.592744
  type: 'test'
  ...
# Subtest: failed deletion readback preserves newer text during verification
ok 525 - failed deletion readback preserves newer text during verification
  ---
  duration_ms: 12.734549
  type: 'test'
  ...
# Subtest: failed deletion readback preserves newer object during verification
ok 526 - failed deletion readback preserves newer object during verification
  ---
  duration_ms: 11.459068
  type: 'test'
  ...
# Subtest: failed deletion readback preserves newer delete during verification
ok 527 - failed deletion readback preserves newer delete during verification
  ---
  duration_ms: 10.486996
  type: 'test'
  ...
# Subtest: failed deletion readback preserves newer clear during verification
ok 528 - failed deletion readback preserves newer clear during verification
  ---
  duration_ms: 11.9167
  type: 'test'
  ...
# Subtest: failed deletion readback preserves newer none during verification
ok 529 - failed deletion readback preserves newer none during verification
  ---
  duration_ms: 11.653937
  type: 'test'
  ...
# Subtest: startup migration preserves concurrent new-draft
ok 530 - startup migration preserves concurrent new-draft
  ---
  duration_ms: 6.943426
  type: 'test'
  ...
# Subtest: startup migration preserves concurrent deleted-draft
ok 531 - startup migration preserves concurrent deleted-draft
  ---
  duration_ms: 14.86268
  type: 'test'
  ...
# Subtest: startup migration preserves concurrent lineage-revoked
ok 532 - startup migration preserves concurrent lineage-revoked
  ---
  duration_ms: 11.470608
  type: 'test'
  ...
# Subtest: failed text write survives explicit refresh until a durable retry
ok 533 - failed text write survives explicit refresh until a durable retry
  ---
  duration_ms: 13.483515
  type: 'test'
  ...
# Subtest: failed text write survives notification refresh until a durable retry
ok 534 - failed text write survives notification refresh until a durable retry
  ---
  duration_ms: 18.019322
  type: 'test'
  ...
# Subtest: failed binary write survives explicit refresh until a durable retry
ok 535 - failed binary write survives explicit refresh until a durable retry
  ---
  duration_ms: 19.490659
  type: 'test'
  ...
# Subtest: failed binary write survives notification refresh until a durable retry
ok 536 - failed binary write survives notification refresh until a durable retry
  ---
  duration_ms: 13.711594
  type: 'test'
  ...
# Subtest: failed draft remains recoverable after delete
ok 537 - failed draft remains recoverable after delete
  ---
  duration_ms: 11.331873
  type: 'test'
  ...
# Subtest: failed draft remains recoverable after clear
ok 538 - failed draft remains recoverable after clear
  ---
  duration_ms: 10.582562
  type: 'test'
  ...
# Subtest: failed draft remains recoverable after compare-put
ok 539 - failed draft remains recoverable after compare-put
  ---
  duration_ms: 11.739495
  type: 'test'
  ...
# Subtest: failed draft remains recoverable after compare-delete
ok 540 - failed draft remains recoverable after compare-delete
  ---
  duration_ms: 11.504843
  type: 'test'
  ...
# Subtest: failed draft remains recoverable after legacy-put
ok 541 - failed draft remains recoverable after legacy-put
  ---
  duration_ms: 11.445181
  type: 'test'
  ...
# Subtest: failed draft remains recoverable after legacy-delete
ok 542 - failed draft remains recoverable after legacy-delete
  ---
  duration_ms: 12.500329
  type: 'test'
  ...
# Subtest: committed recovery writes resume authoritative external refresh
ok 543 - committed recovery writes resume authoritative external refresh
  ---
  duration_ms: 13.206384
  type: 'test'
  ...
# Subtest: uncommitted text draft keeps every durability barrier and unload guard unsafe
ok 544 - uncommitted text draft keeps every durability barrier and unload guard unsafe
  ---
  duration_ms: 10.64355
  type: 'test'
  ...
# Subtest: uncommitted binary draft keeps every durability barrier and unload guard unsafe
ok 545 - uncommitted binary draft keeps every durability barrier and unload guard unsafe
  ---
  duration_ms: 11.672434
  type: 'test'
  ...
# Subtest: concurrent barriers both report a failed deletion even with no uncommitted put
ok 546 - concurrent barriers both report a failed deletion even with no uncommitted put
  ---
  duration_ms: 7.05432
  type: 'test'
  ...
# Subtest: a put committed before failed queued delete is not restored as uncommitted
ok 547 - a put committed before failed queued delete is not restored as uncommitted
  ---
  duration_ms: 7.525018
  type: 'test'
  ...
# Subtest: a put committed before failed queued clear is not restored as uncommitted
ok 548 - a put committed before failed queued clear is not restored as uncommitted
  ---
  duration_ms: 4.883463
  type: 'test'
  ...
# Subtest: failed queued delete then delete preserves the only text draft
ok 549 - failed queued delete then delete preserves the only text draft
  ---
  duration_ms: 10.525147
  type: 'test'
  ...
# Subtest: failed queued delete then clear preserves the only text draft
ok 550 - failed queued delete then clear preserves the only text draft
  ---
  duration_ms: 11.474308
  type: 'test'
  ...
# Subtest: failed queued clear then delete preserves the only text draft
ok 551 - failed queued clear then delete preserves the only text draft
  ---
  duration_ms: 11.699849
  type: 'test'
  ...
# Subtest: failed queued clear then clear preserves the only text draft
ok 552 - failed queued clear then clear preserves the only text draft
  ---
  duration_ms: 15.091702
  type: 'test'
  ...
# Subtest: failed queued delete then delete preserves the only binary draft
ok 553 - failed queued delete then delete preserves the only binary draft
  ---
  duration_ms: 13.50507
  type: 'test'
  ...
# Subtest: failed queued delete then clear preserves the only binary draft
ok 554 - failed queued delete then clear preserves the only binary draft
  ---
  duration_ms: 11.229519
  type: 'test'
  ...
# Subtest: failed queued clear then delete preserves the only binary draft
ok 555 - failed queued clear then delete preserves the only binary draft
  ---
  duration_ms: 11.881974
  type: 'test'
  ...
# Subtest: failed queued clear then clear preserves the only binary draft
ok 556 - failed queued clear then clear preserves the only binary draft
  ---
  duration_ms: 14.157456
  type: 'test'
  ...
# Subtest: queued delete then delete does not resurrect a draft when operation 1 commits
ok 557 - queued delete then delete does not resurrect a draft when operation 1 commits
  ---
  duration_ms: 5.692724
  type: 'test'
  ...
# Subtest: queued delete then delete does not resurrect a draft when operation 0 commits
ok 558 - queued delete then delete does not resurrect a draft when operation 0 commits
  ---
  duration_ms: 8.365082
  type: 'test'
  ...
# Subtest: queued delete then clear does not resurrect a draft when operation 1 commits
ok 559 - queued delete then clear does not resurrect a draft when operation 1 commits
  ---
  duration_ms: 6.981088
  type: 'test'
  ...
# Subtest: queued delete then clear does not resurrect a draft when operation 0 commits
ok 560 - queued delete then clear does not resurrect a draft when operation 0 commits
  ---
  duration_ms: 11.78857
  type: 'test'
  ...
# Subtest: queued clear then delete does not resurrect a draft when operation 1 commits
ok 561 - queued clear then delete does not resurrect a draft when operation 1 commits
  ---
  duration_ms: 6.868565
  type: 'test'
  ...
# Subtest: queued clear then delete does not resurrect a draft when operation 0 commits
ok 562 - queued clear then delete does not resurrect a draft when operation 0 commits
  ---
  duration_ms: 6.799092
  type: 'test'
  ...
# Subtest: queued clear then clear does not resurrect a draft when operation 1 commits
ok 563 - queued clear then clear does not resurrect a draft when operation 1 commits
  ---
  duration_ms: 16.062041
  type: 'test'
  ...
# Subtest: queued clear then clear does not resurrect a draft when operation 0 commits
ok 564 - queued clear then clear does not resurrect a draft when operation 0 commits
  ---
  duration_ms: 6.848698
  type: 'test'
  ...
# Subtest: committed compareAndRemove survives failed queued removeItem and readback
ok 565 - committed compareAndRemove survives failed queued removeItem and readback
  ---
  duration_ms: 9.943656
  type: 'test'
  ...
# Subtest: committed compareAndRemove survives failed queued clear and readback
ok 566 - committed compareAndRemove survives failed queued clear and readback
  ---
  duration_ms: 6.767544
  type: 'test'
  ...
# Subtest: committed compareAndSet survives failed queued removeItem and readback
ok 567 - committed compareAndSet survives failed queued removeItem and readback
  ---
  duration_ms: 7.079454
  type: 'test'
  ...
# Subtest: committed compareAndSet survives failed queued clear and readback
ok 568 - committed compareAndSet survives failed queued clear and readback
  ---
  duration_ms: 6.296723
  type: 'test'
  ...
# Subtest: compareAndRemove preserves a failed binary write before admission across failed removeItem
ok 569 - compareAndRemove preserves a failed binary write before admission across failed removeItem
  ---
  duration_ms: 14.196684
  type: 'test'
  ...
# Subtest: compareAndRemove preserves a failed binary write before admission across failed clear
ok 570 - compareAndRemove preserves a failed binary write before admission across failed clear
  ---
  duration_ms: 12.798038
  type: 'test'
  ...
# Subtest: compareAndRemove preserves a failed binary write after admission across failed removeItem
ok 571 - compareAndRemove preserves a failed binary write after admission across failed removeItem
  ---
  duration_ms: 10.388399
  type: 'test'
  ...
# Subtest: compareAndRemove preserves a failed binary write after admission across failed clear
ok 572 - compareAndRemove preserves a failed binary write after admission across failed clear
  ---
  duration_ms: 12.338905
  type: 'test'
  ...
# Subtest: compareAndSet preserves a failed binary write before admission across failed removeItem
ok 573 - compareAndSet preserves a failed binary write before admission across failed removeItem
  ---
  duration_ms: 11.109885
  type: 'test'
  ...
# Subtest: compareAndSet preserves a failed binary write before admission across failed clear
ok 574 - compareAndSet preserves a failed binary write before admission across failed clear
  ---
  duration_ms: 11.393717
  type: 'test'
  ...
# Subtest: compareAndSet preserves a failed binary write after admission across failed removeItem
ok 575 - compareAndSet preserves a failed binary write after admission across failed removeItem
  ---
  duration_ms: 12.647417
  type: 'test'
  ...
# Subtest: compareAndSet preserves a failed binary write after admission across failed clear
ok 576 - compareAndSet preserves a failed binary write after admission across failed clear
  ---
  duration_ms: 12.736412
  type: 'test'
  ...
# Subtest: rejected compareAndRemove reconciles peer replace before failed removeItem rollback
ok 577 - rejected compareAndRemove reconciles peer replace before failed removeItem rollback
  ---
  duration_ms: 11.62724
  type: 'test'
  ...
# Subtest: rejected compareAndRemove reconciles peer delete before failed removeItem rollback
ok 578 - rejected compareAndRemove reconciles peer delete before failed removeItem rollback
  ---
  duration_ms: 13.2817
  type: 'test'
  ...
# Subtest: rejected compareAndRemove reconciles peer replace before failed clear rollback
ok 579 - rejected compareAndRemove reconciles peer replace before failed clear rollback
  ---
  duration_ms: 15.427152
  type: 'test'
  ...
# Subtest: rejected compareAndRemove reconciles peer delete before failed clear rollback
ok 580 - rejected compareAndRemove reconciles peer delete before failed clear rollback
  ---
  duration_ms: 11.515742
  type: 'test'
  ...
# Subtest: rejected compareAndSet reconciles peer replace before failed removeItem rollback
ok 581 - rejected compareAndSet reconciles peer replace before failed removeItem rollback
  ---
  duration_ms: 11.32129
  type: 'test'
  ...
# Subtest: rejected compareAndSet reconciles peer delete before failed removeItem rollback
ok 582 - rejected compareAndSet reconciles peer delete before failed removeItem rollback
  ---
  duration_ms: 11.547761
  type: 'test'
  ...
# Subtest: rejected compareAndSet reconciles peer replace before failed clear rollback
ok 583 - rejected compareAndSet reconciles peer replace before failed clear rollback
  ---
  duration_ms: 13.461173
  type: 'test'
  ...
# Subtest: rejected compareAndSet reconciles peer delete before failed clear rollback
ok 584 - rejected compareAndSet reconciles peer delete before failed clear rollback
  ---
  duration_ms: 10.693093
  type: 'test'
  ...
# Subtest: legacy put with peer none survives failed removeItem rollback
ok 585 - legacy put with peer none survives failed removeItem rollback
  ---
  duration_ms: 20.16782
  type: 'test'
  ...
# Subtest: legacy put with peer replace survives failed removeItem rollback
ok 586 - legacy put with peer replace survives failed removeItem rollback
  ---
  duration_ms: 15.100013
  type: 'test'
  ...
# Subtest: legacy put with peer delete survives failed removeItem rollback
ok 587 - legacy put with peer delete survives failed removeItem rollback
  ---
  duration_ms: 12.86769
  type: 'test'
  ...
# Subtest: legacy put with peer none survives failed clear rollback
ok 588 - legacy put with peer none survives failed clear rollback
  ---
  duration_ms: 12.174467
  type: 'test'
  ...
# Subtest: legacy put with peer replace survives failed clear rollback
ok 589 - legacy put with peer replace survives failed clear rollback
  ---
  duration_ms: 15.036867
  type: 'test'
  ...
# Subtest: legacy put with peer delete survives failed clear rollback
ok 590 - legacy put with peer delete survives failed clear rollback
  ---
  duration_ms: 15.790276
  type: 'test'
  ...
# Subtest: legacy delete with peer none survives failed removeItem rollback
ok 591 - legacy delete with peer none survives failed removeItem rollback
  ---
  duration_ms: 16.711184
  type: 'test'
  ...
# Subtest: legacy delete with peer replace survives failed removeItem rollback
ok 592 - legacy delete with peer replace survives failed removeItem rollback
  ---
  duration_ms: 16.9044
  type: 'test'
  ...
# Subtest: legacy delete with peer delete survives failed removeItem rollback
ok 593 - legacy delete with peer delete survives failed removeItem rollback
  ---
  duration_ms: 14.449282
  type: 'test'
  ...
# Subtest: legacy delete with peer none survives failed clear rollback
ok 594 - legacy delete with peer none survives failed clear rollback
  ---
  duration_ms: 12.217056
  type: 'test'
  ...
# Subtest: legacy delete with peer replace survives failed clear rollback
ok 595 - legacy delete with peer replace survives failed clear rollback
  ---
  duration_ms: 17.010605
  type: 'test'
  ...
# Subtest: legacy delete with peer delete survives failed clear rollback
ok 596 - legacy delete with peer delete survives failed clear rollback
  ---
  duration_ms: 11.509935
  type: 'test'
  ...
# Subtest: legacy put preserves newer text survives failed removeItem rollback
ok 597 - legacy put preserves newer text survives failed removeItem rollback
  ---
  duration_ms: 12.000131
  type: 'test'
  ...
# Subtest: legacy put preserves newer binary survives failed removeItem rollback
ok 598 - legacy put preserves newer binary survives failed removeItem rollback
  ---
  duration_ms: 12.766309
  type: 'test'
  ...
# Subtest: legacy put preserves newer text survives failed clear rollback
ok 599 - legacy put preserves newer text survives failed clear rollback
  ---
  duration_ms: 15.21239
  type: 'test'
  ...
# Subtest: legacy put preserves newer binary survives failed clear rollback
ok 600 - legacy put preserves newer binary survives failed clear rollback
  ---
  duration_ms: 12.519035
  type: 'test'
  ...
# Subtest: legacy delete preserves newer text survives failed removeItem rollback
ok 601 - legacy delete preserves newer text survives failed removeItem rollback
  ---
  duration_ms: 11.475759
  type: 'test'
  ...
# Subtest: legacy delete preserves newer binary survives failed removeItem rollback
ok 602 - legacy delete preserves newer binary survives failed removeItem rollback
  ---
  duration_ms: 18.58929
  type: 'test'
  ...
# Subtest: legacy delete preserves newer text survives failed clear rollback
ok 603 - legacy delete preserves newer text survives failed clear rollback
  ---
  duration_ms: 13.511597
  type: 'test'
  ...
# Subtest: legacy delete preserves newer binary survives failed clear rollback
ok 604 - legacy delete preserves newer binary survives failed clear rollback
  ---
  duration_ms: 14.734851
  type: 'test'
  ...
# Subtest: explicit refresh cannot roll back a newer compareAndSet result
ok 605 - explicit refresh cannot roll back a newer compareAndSet result
  ---
  duration_ms: 8.745716
  type: 'test'
  ...
# Subtest: explicit refresh cannot roll back a newer compareAndRemove result
ok 606 - explicit refresh cannot roll back a newer compareAndRemove result
  ---
  duration_ms: 7.893664
  type: 'test'
  ...
# Subtest: explicit refresh cannot resurrect a draft after a legacy acknowledgement commits
ok 607 - explicit refresh cannot resurrect a draft after a legacy acknowledgement commits
  ---
  duration_ms: 10.010298
  type: 'test'
  ...
# Subtest: explicit refresh cannot resurrect an unobserved durable draft after clear
ok 608 - explicit refresh cannot resurrect an unobserved durable draft after clear
  ---
  duration_ms: 12.469427
  type: 'test'
  ...
# Subtest: delayed external refresh cannot resurrect an unobserved draft after clear
ok 609 - delayed external refresh cannot resurrect an unobserved draft after clear
  ---
  duration_ms: 14.273901
  type: 'test'
  ...
# Subtest: initialization does not miss a peer IndexedDB write committed after its initial snapshot
ok 610 - initialization does not miss a peer IndexedDB write committed after its initial snapshot
  ---
  duration_ms: 8.540767
  type: 'test'
  ...
# Subtest: initialization does not resurrect a peer-deleted recovery record from its initial snapshot
ok 611 - initialization does not resurrect a peer-deleted recovery record from its initial snapshot
  ---
  duration_ms: 9.762825
  type: 'test'
  ...
# Subtest: explicit refresh cannot overwrite a newer cross-tab update applied while getAll is in flight
ok 612 - explicit refresh cannot overwrite a newer cross-tab update applied while getAll is in flight
  ---
  duration_ms: 14.490788
  type: 'test'
  ...
# Subtest: explicit refresh cannot resurrect a cross-tab deletion applied while getAll is in flight
ok 613 - explicit refresh cannot resurrect a cross-tab deletion applied while getAll is in flight
  ---
  duration_ms: 15.140528
  type: 'test'
  ...
# Subtest: Mermaid lazy hydration releases previous render targets before observing the current page
ok 614 - Mermaid lazy hydration releases previous render targets before observing the current page
  ---
  duration_ms: 10.873336
  type: 'test'
  ...
# Subtest: database URL preview hydration bounds observed targets to the current render and releases them on an empty render
ok 615 - database URL preview hydration bounds observed targets to the current render and releases them on an empty render
  ---
  duration_ms: 2.100153
  type: 'test'
  ...
# Subtest: AI citation lazy hydration disconnects old registrations before an empty or replacement render
ok 616 - AI citation lazy hydration disconnects old registrations before an empty or replacement render
  ---
  duration_ms: 8.433042
  type: 'test'
  ...
# Subtest: getAiChatLinkPreviewRequest refreshes cache recency without changing the 250-entry production bound
ok 617 - getAiChatLinkPreviewRequest refreshes cache recency without changing the 250-entry production bound
  ---
  duration_ms: 9.87244
  type: 'test'
  ...
# Subtest: getAiChatLinkPreviewRequest cannot let an evicted stale failure delete a newer request
ok 618 - getAiChatLinkPreviewRequest cannot let an evicted stale failure delete a newer request
  ---
  duration_ms: 7.515447
  type: 'test'
  ...
# Subtest: getAiChatLinkPreviewRequest still removes a failed request when it remains the current owner
ok 619 - getAiChatLinkPreviewRequest still removes a failed request when it remains the current owner
  ---
  duration_ms: 10.705521
  type: 'test'
  ...
# Subtest: getDatabaseUrlPreviewRequest refreshes cache recency without changing the 250-entry production bound
ok 620 - getDatabaseUrlPreviewRequest refreshes cache recency without changing the 250-entry production bound
  ---
  duration_ms: 5.265599
  type: 'test'
  ...
# Subtest: getDatabaseUrlPreviewRequest cannot let an evicted stale failure delete a newer request
ok 621 - getDatabaseUrlPreviewRequest cannot let an evicted stale failure delete a newer request
  ---
  duration_ms: 8.304678
  type: 'test'
  ...
# Subtest: getDatabaseUrlPreviewRequest still removes a failed request when it remains the current owner
ok 622 - getDatabaseUrlPreviewRequest still removes a failed request when it remains the current owner
  ---
  duration_ms: 4.246336
  type: 'test'
  ...
# Subtest: MariaDB pool retires burst-only idle sockets instead of keeping the full fixed pool indefinitely
ok 623 - MariaDB pool retires burst-only idle sockets instead of keeping the full fixed pool indefinitely
  ---
  duration_ms: 6.998373
  type: 'test'
  ...
# Subtest: network-policy caches revalidate known exact-IP facts off the authenticated request critical path
ok 624 - network-policy caches revalidate known exact-IP facts off the authenticated request critical path
  ---
  duration_ms: 1.494976
  type: 'test'
  ...
# Subtest: direct passkey intent warming remains bounded by the five-minute server challenge lifetime
ok 625 - direct passkey intent warming remains bounded by the five-minute server challenge lifetime
  ---
  duration_ms: 12.09406
  type: 'test'
  ...
# Subtest: interactive Mermaid hydration defers offscreen diagrams to IntersectionObserver
ok 626 - interactive Mermaid hydration defers offscreen diagrams to IntersectionObserver
  ---
  duration_ms: 5.812126
  type: 'test'
  ...
# Subtest: force hydration invalidates cached render keys without eagerly rendering offscreen diagrams
ok 627 - force hydration invalidates cached render keys without eagerly rendering offscreen diagrams
  ---
  duration_ms: 0.729981
  type: 'test'
  ...
# Subtest: PDF export keeps Mermaid hydration eager
ok 628 - PDF export keeps Mermaid hydration eager
  ---
  duration_ms: 8.189234
  type: 'test'
  ...
# Subtest: stale password admission can resurrect an MFA login after credential rotation in the vulnerable ordering
ok 629 - stale password admission can resurrect an MFA login after credential rotation in the vulnerable ordering
  ---
  duration_ms: 0.877923
  type: 'test'
  ...
# Subtest: MFA login-session creation is bound to the auth_version observed during password verification
ok 630 - MFA login-session creation is bound to the auth_version observed during password verification
  ---
  duration_ms: 7.757836
  type: 'test'
  ...
# Subtest: security posture schemas accept the existing MFA step-up token
ok 631 - security posture schemas accept the existing MFA step-up token
  ---
  duration_ms: 1.085256
  type: 'test'
  ...
# Subtest: all login-defense policy mutations consume operation-scoped MFA step-up before changing security posture
ok 632 - all login-defense policy mutations consume operation-scoped MFA step-up before changing security posture
  ---
  duration_ms: 0.306082
  type: 'test'
  ...
# Subtest: account settings client obtains step-up proof before each policy PUT
ok 633 - account settings client obtains step-up proof before each policy PUT
  ---
  duration_ms: 1.813946
  type: 'test'
  ...
# Subtest: a later edit must invalidate an older replay marker before a delayed retry
ok 634 - a later edit must invalidate an older replay marker before a delayed retry
  ---
  duration_ms: 1.64422
  type: 'test'
  ...
# Subtest: server replay checks occur before optimistic version checks, so invalidation is required
ok 635 - server replay checks occur before optimistic version checks, so invalidation is required
  ---
  duration_ms: 12.338644
  type: 'test'
  ...
# Subtest: structural block edits clear obsolete block PATCH replay markers
ok 636 - structural block edits clear obsolete block PATCH replay markers
  ---
  duration_ms: 2.69569
  type: 'test'
  ...
# Subtest: collaboration materialization clears obsolete page and block replay markers
ok 637 - collaboration materialization clears obsolete page and block replay markers
  ---
  duration_ms: 1.858464
  type: 'test'
  ...
# Subtest: sidebar reorder uses pointer capture on the existing three-dot handle for mouse and touch
ok 638 - sidebar reorder uses pointer capture on the existing three-dot handle for mouse and touch
  ---
  duration_ms: 32.309555
  type: 'test'
  ...
# Subtest: sidebar reorder changes preference state only and rolls back when persistence fails
ok 639 - sidebar reorder changes preference state only and rolls back when persistence fails
  ---
  duration_ms: 13.261505
  type: 'test'
  ...
# Subtest: navigation-order API is user-scoped, access-checked, and never mutates page or block rows
ok 640 - navigation-order API is user-scoped, access-checked, and never mutates page or block rows
  ---
  duration_ms: 3.778357
  type: 'test'
  ...
# Subtest: navigation-order migration is additive and backup round-trip preserves the preference
ok 641 - navigation-order migration is additive and backup round-trip preserves the preference
  ---
  duration_ms: 3.162645
  type: 'test'
  ...
# Subtest: sidebar page menu exposes the move action and an accessible destination dialog
ok 642 - sidebar page menu exposes the move action and an accessible destination dialog
  ---
  duration_ms: 1.860296
  type: 'test'
  ...
# Subtest: production destination-filter function excludes unsafe parents and keeps authorized collection destinations
ok 643 - production destination-filter function excludes unsafe parents and keeps authorized collection destinations
  ---
  duration_ms: 9.173823
  type: 'test'
  ...
# Subtest: page move submits only parent metadata and keeps retry reconciliation idempotent
ok 644 - page move submits only parent metadata and keeps retry reconciliation idempotent
  ---
  duration_ms: 0.73322
  type: 'test'
  ...
# Subtest: page move flushes and fences every selected editor affected by a collection-scope transition
ok 645 - page move flushes and fences every selected editor affected by a collection-scope transition
  ---
  duration_ms: 0.3185
  type: 'test'
  ...
# Subtest: requested Korean action and lossless explanation are present
ok 646 - requested Korean action and lossless explanation are present
  ---
  duration_ms: 0.435088
  type: 'test'
  ...
# Subtest: navigation preference reads re-authorize collapsed page ids in one snapshot
ok 647 - navigation preference reads re-authorize collapsed page ids in one snapshot
  ---
  duration_ms: 1.032551
  type: 'test'
  ...
# Subtest: revoked-share reproduction is closed by access-scoped collapsed lookup
ok 648 - revoked-share reproduction is closed by access-scoped collapsed lookup
  ---
  duration_ms: 0.287211
  type: 'test'
  ...
# Subtest: browser network headers reuse the resolved local time zone inside a bounded refresh window
ok 649 - browser network headers reuse the resolved local time zone inside a bounded refresh window
  ---
  duration_ms: 33.401029
  type: 'test'
  ...
# Subtest: VPN time-zone mismatch evaluation reuses a bounded formatter cache without freezing DST offsets
ok 650 - VPN time-zone mismatch evaluation reuses a bounded formatter cache without freezing DST offsets
  ---
  duration_ms: 5.993879
  type: 'test'
  ...
# Subtest: direct title autosave preserves a focused blank durably without materializing Untitled
ok 651 - direct title autosave preserves a focused blank durably without materializing Untitled
  ---
  duration_ms: 5.704646
  type: 'test'
  ...
# Subtest: toggle markdown round-trips valid titles longer than the UI input limit without truncation
ok 652 - toggle markdown round-trips valid titles longer than the UI input limit without truncation
  ---
  duration_ms: 0.796857
  type: 'test'
  ...
# Subtest: durable note mutations bind auth, device session, and workspace generation under row locks
ok 653 - durable note mutations bind auth, device session, and workspace generation under row locks
  ---
  duration_ms: 4.030667
  type: 'test'
  ...
# Subtest: page create, history reset, update, archive/delete, and tags revalidate request auth inside transactions
ok 654 - page create, history reset, update, archive/delete, and tags revalidate request auth inside transactions
  ---
  duration_ms: 2.267758
  type: 'test'
  ...
# Subtest: block attachment/create/update/delete/reorder mutations revalidate request auth before durable changes
ok 655 - block attachment/create/update/delete/reorder mutations revalidate request auth before durable changes
  ---
  duration_ms: 0.847751
  type: 'test'
  ...
# Subtest: race reproducer shows pre-fix commits and post-fix rejects after credential/session revocation
ok 656 - race reproducer shows pre-fix commits and post-fix rejects after credential/session revocation
  ---
  duration_ms: 44.726866
  type: 'test'
  ...
# Subtest: comment creation reserves a durable receipt before inserting user data
ok 657 - comment creation reserves a durable receipt before inserting user data
  ---
  duration_ms: 1.210613
  type: 'test'
  ...
# Subtest: comment-create receipts survive page replacement and carry both workspace generations
ok 658 - comment-create receipts survive page replacement and carry both workspace generations
  ---
  duration_ms: 0.666375
  type: 'test'
  ...
# Subtest: the browser retries only the same comment intent with the same mutation id
ok 659 - the browser retries only the same comment intent with the same mutation id
  ---
  duration_ms: 1.716038
  type: 'test'
  ...
# Subtest: comment writes bind to the collaborator grant generation admitted before a lineage change
ok 660 - comment writes bind to the collaborator grant generation admitted before a lineage change
  ---
  duration_ms: 3.067401
  type: 'test'
  ...
# Subtest: race model rejects comment create/edit/delete requests that cross a replaced collaborator grant
ok 661 - race model rejects comment create/edit/delete requests that cross a replaced collaborator grant
  ---
  duration_ms: 39.355396
  type: 'test'
  ...
# Subtest: reproduction: an unguarded comment delete can dispatch after navigation during request preflight
ok 662 - reproduction: an unguarded comment delete can dispatch after navigation during request preflight
  ---
  duration_ms: 0.979903
  type: 'test'
  ...
# Subtest: comment create, edit, and delete revalidate page context at the fetch dispatch boundary
ok 663 - comment create, edit, and delete revalidate page context at the fetch dispatch boundary
  ---
  duration_ms: 2.015694
  type: 'test'
  ...
# Subtest: reproduction: a delayed unversioned request overwrites a newer comment
ok 664 - reproduction: a delayed unversioned request overwrites a newer comment
  ---
  duration_ms: 0.95692
  type: 'test'
  ...
# Subtest: regression: exact comment generations reject stale edit and delete requests
ok 665 - regression: exact comment generations reject stale edit and delete requests
  ---
  duration_ms: 0.777943
  type: 'test'
  ...
# Subtest: regression: restore assigns a fresh generation before delayed requests resume
ok 666 - regression: restore assigns a fresh generation before delayed requests resume
  ---
  duration_ms: 0.17877
  type: 'test'
  ...
# Subtest: implementation binds API, browser draft, restore, and hard-delete snapshot to versions
ok 667 - implementation binds API, browser draft, restore, and hard-delete snapshot to versions
  ---
  duration_ms: 21.547821
  type: 'test'
  ...
# Subtest: comment create/edit/delete acquire actor and owner rows in one deterministic order
ok 668 - comment create/edit/delete acquire actor and owner rows in one deterministic order
  ---
  duration_ms: 0.80085
  type: 'test'
  ...
# Subtest: the shared user-lock helper sorts and de-duplicates ids before FOR UPDATE
ok 669 - the shared user-lock helper sorts and de-duplicates ids before FOR UPDATE
  ---
  duration_ms: 0.181374
  type: 'test'
  ...
# Subtest: page discussions are persisted and permission-bound
ok 670 - page discussions are persisted and permission-bound
  ---
  duration_ms: 6.382882
  type: 'test'
  ...
# Subtest: page discussion UI sits under the title and renders comment text safely
ok 671 - page discussion UI sits under the title and renders comment text safely
  ---
  duration_ms: 27.937868
  type: 'test'
  ...
# Subtest: complete backups and snapshot diffs preserve page discussions
ok 672 - complete backups and snapshot diffs preserve page discussions
  ---
  duration_ms: 2.405697
  type: 'test'
  ...
# node:internal/modules/esm/get_format:219
#   throw new ERR_UNKNOWN_FILE_EXTENSION(ext, filepath);
#         ^
# TypeError [ERR_UNKNOWN_FILE_EXTENSION]: Unknown file extension ".ts" for /mnt/data/BrainVault_work/src/lib/data-transfer-limits.ts
#     at Object.getFileProtocolModuleFormat [as file:] (node:internal/modules/esm/get_format:219:9)
#     at defaultGetFormat (node:internal/modules/esm/get_format:245:36)
#     at defaultLoad (node:internal/modules/esm/load:120:22)
#     at async ModuleLoader.loadAndTranslate (node:internal/modules/esm/loader:580:32) {
#   code: 'ERR_UNKNOWN_FILE_EXTENSION'
# }
# Node.js v22.16.0
# Subtest: tests/page-cover-backup-integrity.node.test.mjs
not ok 150 - tests/page-cover-backup-integrity.node.test.mjs
  ---
  duration_ms: 57.298145
  type: 'test'
  location: '/mnt/data/BrainVault_work/tests/page-cover-backup-integrity.node.test.mjs:1:1'
  failureType: 'testCodeFailure'
  exitCode: 1
  signal: ~
  error: 'test failed'
  code: 'ERR_TEST_FAILURE'
  ...
# Subtest: all built-in cover images are shipped and exposed by the picker
ok 674 - all built-in cover images are shipped and exposed by the picker
  ---
  duration_ms: 26.767717
  type: 'test'
  ...
# Subtest: the page UI supports adding, replacing, removing, and repositioning covers
ok 675 - the page UI supports adding, replacing, removing, and repositioning covers
  ---
  duration_ms: 28.753172
  type: 'test'
  ...
# Subtest: cover persistence, validation, migration, history, and backup paths remain connected
ok 676 - cover persistence, validation, migration, history, and backup paths remain connected
  ---
  duration_ms: 6.365122
  type: 'test'
  ...
# Subtest: page-cover writes remain bound to the navigation that originated them through fetch preflight
ok 677 - page-cover writes remain bound to the navigation that originated them through fetch preflight
  ---
  duration_ms: 18.271025
  type: 'test'
  ...
# Subtest: custom-cover image preparation retains the pre-processing navigation generation
ok 678 - custom-cover image preparation retains the pre-processing navigation generation
  ---
  duration_ms: 27.291175
  type: 'test'
  ...
# Subtest: reproduction: navigation during cover preparation or API preflight no longer sends the stale write
ok 679 - reproduction: navigation during cover preparation or API preflight no longer sends the stale write
  ---
  duration_ms: 79.633082
  type: 'test'
  ...
# Subtest: page-cover operations remain bound to their originating page and latest intent
ok 680 - page-cover operations remain bound to their originating page and latest intent
  ---
  duration_ms: 0.646639
  type: 'test'
  ...
# Subtest: page-cover position drafts remain bound to their originating page
ok 681 - page-cover position drafts remain bound to their originating page
  ---
  duration_ms: 0.129338
  type: 'test'
  ...
# Subtest: custom cover preparation and PATCH responses are guarded against stale page state
ok 682 - custom cover preparation and PATCH responses are guarded against stale page state
  ---
  duration_ms: 27.380504
  type: 'test'
  ...
# Subtest: standalone reproduction demonstrates canceled-dialog and cross-page draft failures
ok 683 - standalone reproduction demonstrates canceled-dialog and cross-page draft failures
  ---
  duration_ms: 79.513256
  type: 'test'
  ...
# Subtest: PDF export enters its measurement mode before measuring the full-bleed page
ok 684 - PDF export enters its measurement mode before measuring the full-bleed page
  ---
  duration_ms: 19.540131
  type: 'test'
  ...
# Subtest: standalone reproduction demonstrates the wide-screen PDF scaling regression
ok 685 - standalone reproduction demonstrates the wide-screen PDF scaling regression
  ---
  duration_ms: 42.713391
  type: 'test'
  ...
# node:internal/modules/esm/get_format:219
#   throw new ERR_UNKNOWN_FILE_EXTENSION(ext, filepath);
#         ^
# TypeError [ERR_UNKNOWN_FILE_EXTENSION]: Unknown file extension ".ts" for /mnt/data/BrainVault_work/src/lib/page-create-mutation.ts
#     at Object.getFileProtocolModuleFormat [as file:] (node:internal/modules/esm/get_format:219:9)
#     at defaultGetFormat (node:internal/modules/esm/get_format:245:36)
#     at defaultLoad (node:internal/modules/esm/load:120:22)
#     at async ModuleLoader.loadAndTranslate (node:internal/modules/esm/loader:580:32) {
#   code: 'ERR_UNKNOWN_FILE_EXTENSION'
# }
# Node.js v22.16.0
# Subtest: tests/page-create-auth-boundary.node.test.mjs
not ok 155 - tests/page-create-auth-boundary.node.test.mjs
  ---
  duration_ms: 59.094782
  type: 'test'
  location: '/mnt/data/BrainVault_work/tests/page-create-auth-boundary.node.test.mjs:1:1'
  failureType: 'testCodeFailure'
  exitCode: 1
  signal: ~
  error: 'test failed'
  code: 'ERR_TEST_FAILURE'
  ...
# Subtest: navigation-menu subpage creation is fenced before POST and before stale response application
ok 687 - navigation-menu subpage creation is fenced before POST and before stale response application
  ---
  duration_ms: 20.932704
  type: 'test'
  ...
# Subtest: reproduction: stale add-subpage intent is canceled before send and cannot override a newer page
ok 688 - reproduction: stale add-subpage intent is canceled before send and cannot override a newer page
  ---
  duration_ms: 52.749814
  type: 'test'
  ...
# Subtest: delegated page-create receipts bind both actor and destination-owner restore generations
ok 689 - delegated page-create receipts bind both actor and destination-owner restore generations
  ---
  duration_ms: 2.786546
  type: 'test'
  ...
# Subtest: race model rejects a stale receipt when only the destination owner restored
ok 690 - race model rejects a stale receipt when only the destination owner restored
  ---
  duration_ms: 46.76224
  type: 'test'
  ...
# Subtest: page create resolves durable replays before validating mutable parent state
ok 691 - page create resolves durable replays before validating mutable parent state
  ---
  duration_ms: 4.595845
  type: 'test'
  ...
# Subtest: response-loss replay stays idempotent after the original parent is removed
ok 692 - response-loss replay stays idempotent after the original parent is removed
  ---
  duration_ms: 0.605043
  type: 'test'
  ...
# Subtest: page creation materializes its acknowledgement before the transaction releases owner state
ok 693 - page creation materializes its acknowledgement before the transaction releases owner state
  ---
  duration_ms: 10.278875
  type: 'test'
  ...
# Subtest: reproduction: a post-COMMIT read can borrow a later writer or turn success into a false 404
ok 694 - reproduction: a post-COMMIT read can borrow a later writer or turn success into a false 404
  ---
  duration_ms: 1.513748
  type: 'test'
  ...
# Subtest: collaborator page creation binds a shared parent to the grant generation admitted by the request
ok 695 - collaborator page creation binds a shared parent to the grant generation admitted by the request
  ---
  duration_ms: 3.044445
  type: 'test'
  ...
# Subtest: combined archive plus move performs both post-commit collaboration cleanups
ok 696 - combined archive plus move performs both post-commit collaboration cleanups
  ---
  duration_ms: 1.473402
  type: 'test'
  ...
# Subtest: race model reproduces the stale shared-parent create and combined cleanup regressions
ok 697 - race model reproduces the stale shared-parent create and combined cleanup regressions
  ---
  duration_ms: 45.539063
  type: 'test'
  ...
# Subtest: page delete response application stays fenced to the initiating authentication generation
ok 698 - page delete response application stays fenced to the initiating authentication generation
  ---
  duration_ms: 14.716387
  type: 'test'
  ...
# Subtest: page delete recovery cleanup remains fenced after the delete request completes
ok 699 - page delete recovery cleanup remains fenced after the delete request completes
  ---
  duration_ms: 6.183518
  type: 'test'
  ...
# Subtest: 204 no-content page deletes are accepted only while the initiating authentication scope is current
ok 700 - 204 no-content page deletes are accepted only while the initiating authentication scope is current
  ---
  duration_ms: 0.328318
  type: 'test'
  ...
# Subtest: permanent collection-admin deletion authorizes only after current page locking
ok 701 - permanent collection-admin deletion authorizes only after current page locking
  ---
  duration_ms: 1.086382
  type: 'test'
  ...
# Subtest: race reproducer rejects stale ADMIN and eliminates reciprocal user-lock cycles
ok 702 - race reproducer rejects stale ADMIN and eliminates reciprocal user-lock cycles
  ---
  duration_ms: 56.339962
  type: 'test'
  ...
# node:internal/modules/esm/get_format:219
#   throw new ERR_UNKNOWN_FILE_EXTENSION(ext, filepath);
#         ^
# TypeError [ERR_UNKNOWN_FILE_EXTENSION]: Unknown file extension ".ts" for /mnt/data/BrainVault_work/src/lib/page-delete-snapshot.ts
#     at Object.getFileProtocolModuleFormat [as file:] (node:internal/modules/esm/get_format:219:9)
#     at defaultGetFormat (node:internal/modules/esm/get_format:245:36)
#     at defaultLoad (node:internal/modules/esm/load:120:22)
#     at async ModuleLoader.loadAndTranslate (node:internal/modules/esm/loader:580:32) {
#   code: 'ERR_UNKNOWN_FILE_EXTENSION'
# }
# Node.js v22.16.0
# Subtest: tests/page-delete-collection-cascade-closure.node.test.mjs
not ok 163 - tests/page-delete-collection-cascade-closure.node.test.mjs
  ---
  duration_ms: 54.123669
  type: 'test'
  location: '/mnt/data/BrainVault_work/tests/page-delete-collection-cascade-closure.node.test.mjs:1:1'
  failureType: 'testCodeFailure'
  exitCode: 1
  signal: ~
  error: 'test failed'
  code: 'ERR_TEST_FAILURE'
  ...
# node:internal/modules/esm/get_format:219
#   throw new ERR_UNKNOWN_FILE_EXTENSION(ext, filepath);
#         ^
# TypeError [ERR_UNKNOWN_FILE_EXTENSION]: Unknown file extension ".ts" for /mnt/data/BrainVault_work/src/lib/page-delete-snapshot.ts
#     at Object.getFileProtocolModuleFormat [as file:] (node:internal/modules/esm/get_format:219:9)
#     at defaultGetFormat (node:internal/modules/esm/get_format:245:36)
#     at defaultLoad (node:internal/modules/esm/load:120:22)
#     at async ModuleLoader.loadAndTranslate (node:internal/modules/esm/loader:580:32) {
#   code: 'ERR_UNKNOWN_FILE_EXTENSION'
# }
# Node.js v22.16.0
# Subtest: tests/page-delete-collection-membership-snapshot.node.test.mjs
not ok 164 - tests/page-delete-collection-membership-snapshot.node.test.mjs
  ---
  duration_ms: 50.730038
  type: 'test'
  location: '/mnt/data/BrainVault_work/tests/page-delete-collection-membership-snapshot.node.test.mjs:1:1'
  failureType: 'testCodeFailure'
  exitCode: 1
  signal: ~
  error: 'test failed'
  code: 'ERR_TEST_FAILURE'
  ...
# Subtest: collection grants remain visible to deletion snapshots when self-membership is missing
ok 705 - collection grants remain visible to deletion snapshots when self-membership is missing
  ---
  duration_ms: 1.997477
  type: 'test'
  ...
# Subtest: page deletion reads collection-root grants directly as a cascading dependency
ok 706 - page deletion reads collection-root grants directly as a cascading dependency
  ---
  duration_ms: 5.975183
  type: 'test'
  ...
# node:internal/modules/esm/get_format:219
#   throw new ERR_UNKNOWN_FILE_EXTENSION(ext, filepath);
#         ^
# TypeError [ERR_UNKNOWN_FILE_EXTENSION]: Unknown file extension ".ts" for /mnt/data/BrainVault_work/src/lib/page-delete-snapshot.ts
#     at Object.getFileProtocolModuleFormat [as file:] (node:internal/modules/esm/get_format:219:9)
#     at defaultGetFormat (node:internal/modules/esm/get_format:245:36)
#     at defaultLoad (node:internal/modules/esm/load:120:22)
#     at async ModuleLoader.loadAndTranslate (node:internal/modules/esm/loader:580:32) {
#   code: 'ERR_UNKNOWN_FILE_EXTENSION'
# }
# Node.js v22.16.0
# Subtest: tests/page-delete-comment-snapshot.node.test.mjs
not ok 166 - tests/page-delete-comment-snapshot.node.test.mjs
  ---
  duration_ms: 80.286054
  type: 'test'
  location: '/mnt/data/BrainVault_work/tests/page-delete-comment-snapshot.node.test.mjs:1:1'
  failureType: 'testCodeFailure'
  exitCode: 1
  signal: ~
  error: 'test failed'
  code: 'ERR_TEST_FAILURE'
  ...
# Subtest: delegated page delete binds the target owner's workspace barrier
ok 708 - delegated page delete binds the target owner's workspace barrier
  ---
  duration_ms: 28.343569
  type: 'test'
  ...
# Subtest: owner-scoped delete waits for a delegated page writer while actor-scoped delete does not
ok 709 - owner-scoped delete waits for a delegated page writer while actor-scoped delete does not
  ---
  duration_ms: 23.86638
  type: 'test'
  ...
# Subtest: reproduction: an RR snapshot can miss a descendant update that commits before its page lock
ok 710 - reproduction: an RR snapshot can miss a descendant update that commits before its page lock
  ---
  duration_ms: 1.11041
  type: 'test'
  ...
# Subtest: page deletion checks collaboration state with locking current reads
ok 711 - page deletion checks collaboration state with locking current reads
  ---
  duration_ms: 2.738326
  type: 'test'
  ...
# Subtest: permanent deletion locks the owned page tree before its collaboration checkpoint
ok 712 - permanent deletion locks the owned page tree before its collaboration checkpoint
  ---
  duration_ms: 0.439229
  type: 'test'
  ...
# Subtest: permanent page deletion fails closed at the final owner-scoped delete sink
ok 713 - permanent page deletion fails closed at the final owner-scoped delete sink
  ---
  duration_ms: 3.223342
  type: 'test'
  ...
# Subtest: reproduction model: a zero-row final delete cannot commit a partial subtree plus success receipt
ok 714 - reproduction model: a zero-row final delete cannot commit a partial subtree plus success receipt
  ---
  duration_ms: 1.14935
  type: 'test'
  ...
# node:internal/modules/esm/get_format:219
#   throw new ERR_UNKNOWN_FILE_EXTENSION(ext, filepath);
#         ^
# TypeError [ERR_UNKNOWN_FILE_EXTENSION]: Unknown file extension ".ts" for /mnt/data/BrainVault_work/src/lib/page-delete-mutation.ts
#     at Object.getFileProtocolModuleFormat [as file:] (node:internal/modules/esm/get_format:219:9)
#     at defaultGetFormat (node:internal/modules/esm/get_format:245:36)
#     at defaultLoad (node:internal/modules/esm/load:120:22)
#     at async ModuleLoader.loadAndTranslate (node:internal/modules/esm/loader:580:32) {
#   code: 'ERR_UNKNOWN_FILE_EXTENSION'
# }
# Node.js v22.16.0
# Subtest: tests/page-delete-idempotency.node.test.mjs
not ok 170 - tests/page-delete-idempotency.node.test.mjs
  ---
  duration_ms: 57.688907
  type: 'test'
  location: '/mnt/data/BrainVault_work/tests/page-delete-idempotency.node.test.mjs:1:1'
  failureType: 'testCodeFailure'
  exitCode: 1
  signal: ~
  error: 'test failed'
  code: 'ERR_TEST_FAILURE'
  ...
# Subtest: reproduction: stale post-delete list refresh can supersede a newer navigation
ok 716 - reproduction: stale post-delete list refresh can supersede a newer navigation
  ---
  duration_ms: 2.292859
  type: 'test'
  ...
# Subtest: loadPages rejects an already-stale navigation before incrementing the list generation
ok 717 - loadPages rejects an already-stale navigation before incrementing the list generation
  ---
  duration_ms: 3.753285
  type: 'test'
  ...
# Subtest: page deletion binds every list refresh to the initiating navigation generation
ok 718 - page deletion binds every list refresh to the initiating navigation generation
  ---
  duration_ms: 0.877265
  type: 'test'
  ...
# Subtest: archive reconciliation cannot apply a list snapshot after navigation supersedes it
ok 719 - archive reconciliation cannot apply a list snapshot after navigation supersedes it
  ---
  duration_ms: 0.748634
  type: 'test'
  ...
# Subtest: page delete reconciliation is fenced to the initiating navigation generation
ok 720 - page delete reconciliation is fenced to the initiating navigation generation
  ---
  duration_ms: 26.003681
  type: 'test'
  ...
# Subtest: page delete intent is fenced before asynchronous persistence waits
ok 721 - page delete intent is fenced before asynchronous persistence waits
  ---
  duration_ms: 14.458137
  type: 'test'
  ...
# Subtest: standalone reproduction proves navigation during a pre-delete wait cancels the stale delete intent
ok 722 - standalone reproduction proves navigation during a pre-delete wait cancels the stale delete intent
  ---
  duration_ms: 53.603448
  type: 'test'
  ...
# Subtest: standalone reproduction proves a completed delete cannot overwrite newer page navigation
ok 723 - standalone reproduction proves a completed delete cannot overwrite newer page navigation
  ---
  duration_ms: 46.545003
  type: 'test'
  ...
# node:internal/modules/esm/get_format:219
#   throw new ERR_UNKNOWN_FILE_EXTENSION(ext, filepath);
#         ^
# TypeError [ERR_UNKNOWN_FILE_EXTENSION]: Unknown file extension ".ts" for /mnt/data/BrainVault_work/src/lib/page-delete-snapshot.ts
#     at Object.getFileProtocolModuleFormat [as file:] (node:internal/modules/esm/get_format:219:9)
#     at defaultGetFormat (node:internal/modules/esm/get_format:245:36)
#     at defaultLoad (node:internal/modules/esm/load:120:22)
#     at async ModuleLoader.loadAndTranslate (node:internal/modules/esm/loader:580:32) {
#   code: 'ERR_UNKNOWN_FILE_EXTENSION'
# }
# Node.js v22.16.0
# Subtest: tests/page-delete-owner-workspace-generation.node.test.mjs
not ok 173 - tests/page-delete-owner-workspace-generation.node.test.mjs
  ---
  duration_ms: 60.812633
  type: 'test'
  location: '/mnt/data/BrainVault_work/tests/page-delete-owner-workspace-generation.node.test.mjs:1:1'
  failureType: 'testCodeFailure'
  exitCode: 1
  signal: ~
  error: 'test failed'
  code: 'ERR_TEST_FAILURE'
  ...
# Subtest: page delete never clears recovery created after its destructive boundary
ok 725 - page delete never clears recovery created after its destructive boundary
  ---
  duration_ms: 18.976534
  type: 'test'
  ...
# Subtest: standalone reproduction preserves a page draft created after delete dispatch
ok 726 - standalone reproduction preserves a page draft created after delete dispatch
  ---
  duration_ms: 47.928535
  type: 'test'
  ...
# Subtest: owner restore invalidates delegated permanent-delete receipts
ok 727 - owner restore invalidates delegated permanent-delete receipts
  ---
  duration_ms: 0.87992
  type: 'test'
  ...
# Subtest: restore cleanup is scoped to the target workspace and indexed
ok 728 - restore cleanup is scoped to the target workspace and indexed
  ---
  duration_ms: 5.41115
  type: 'test'
  ...
# node:internal/modules/esm/get_format:219
#   throw new ERR_UNKNOWN_FILE_EXTENSION(ext, filepath);
#         ^
# TypeError [ERR_UNKNOWN_FILE_EXTENSION]: Unknown file extension ".ts" for /mnt/data/BrainVault_work/src/lib/page-delete-snapshot.ts
#     at Object.getFileProtocolModuleFormat [as file:] (node:internal/modules/esm/get_format:219:9)
#     at defaultGetFormat (node:internal/modules/esm/get_format:245:36)
#     at defaultLoad (node:internal/modules/esm/load:120:22)
#     at async ModuleLoader.loadAndTranslate (node:internal/modules/esm/loader:580:32) {
#   code: 'ERR_UNKNOWN_FILE_EXTENSION'
# }
# Node.js v22.16.0
# Subtest: tests/page-delete-version-history-snapshot.node.test.mjs
not ok 176 - tests/page-delete-version-history-snapshot.node.test.mjs
  ---
  duration_ms: 57.898265
  type: 'test'
  location: '/mnt/data/BrainVault_work/tests/page-delete-version-history-snapshot.node.test.mjs:1:1'
  failureType: 'testCodeFailure'
  exitCode: 1
  signal: ~
  error: 'test failed'
  code: 'ERR_TEST_FAILURE'
  ...
# Subtest: page detail reads authorization and page content from one repeatable-read transaction
ok 730 - page detail reads authorization and page content from one repeatable-read transaction
  ---
  duration_ms: 11.39796
  type: 'test'
  ...
# Subtest: reproduction: restore between access and block reads cannot expose a replacement page generation
ok 731 - reproduction: restore between access and block reads cannot expose a replacement page generation
  ---
  duration_ms: 1.105084
  type: 'test'
  ...
# Subtest: reproduction: concurrent block commits cannot pair a stale page token with newer blocks
ok 732 - reproduction: concurrent block commits cannot pair a stale page token with newer blocks
  ---
  duration_ms: 0.205171
  type: 'test'
  ...
# Subtest: page render keeps collaborator authorization and rendered blocks in one snapshot
ok 733 - page render keeps collaborator authorization and rendered blocks in one snapshot
  ---
  duration_ms: 4.081165
  type: 'test'
  ...
# Subtest: attachment download revalidates access under the restore filesystem-generation lock
ok 734 - attachment download revalidates access under the restore filesystem-generation lock
  ---
  duration_ms: 1.770519
  type: 'test'
  ...
# Subtest: reproduction: collection-share revocation cannot be bypassed by a stale attachment snapshot
ok 735 - reproduction: collection-share revocation cannot be bypassed by a stale attachment snapshot
  ---
  duration_ms: 0.265079
  type: 'test'
  ...
# Subtest: reproduction: an attachment restore cannot swap private bytes after old-share authorization
ok 736 - reproduction: an attachment restore cannot swap private bytes after old-share authorization
  ---
  duration_ms: 0.606124
  type: 'test'
  ...
# Subtest: page list keeps membership, authorization, and tags in one repeatable-read snapshot
ok 737 - page list keeps membership, authorization, and tags in one repeatable-read snapshot
  ---
  duration_ms: 4.128085
  type: 'test'
  ...
# Subtest: reproduction: restore between page-list access and tag reads cannot leak replacement private tags
ok 738 - reproduction: restore between page-list access and tag reads cannot leak replacement private tags
  ---
  duration_ms: 0.801886
  type: 'test'
  ...
# Subtest: page version reads keep owner authorization and history in one repeatable-read snapshot
ok 739 - page version reads keep owner authorization and history in one repeatable-read snapshot
  ---
  duration_ms: 4.929042
  type: 'test'
  ...
# Subtest: reproduction: page-version reads cannot cross a delete/restore page-id generation boundary
ok 740 - reproduction: page-version reads cannot cross a delete/restore page-id generation boundary
  ---
  duration_ms: 0.441047
  type: 'test'
  ...
# Subtest: page edit flush drains every registered block save queue
ok 741 - page edit flush drains every registered block save queue
  ---
  duration_ms: 2.848228
  type: 'test'
  ...
# Subtest: detached queues reproduce the old visibility-filter data-loss window
ok 742 - detached queues reproduce the old visibility-filter data-loss window
  ---
  duration_ms: 0.993996
  type: 'test'
  ...
# Subtest: explicit block deletion still owns queue discard/removal
ok 743 - explicit block deletion still owns queue discard/removal
  ---
  duration_ms: 0.245863
  type: 'test'
  ...
# Subtest: page and collection icon writes revalidate picker and navigation intent through fetch preflight
ok 744 - page and collection icon writes revalidate picker and navigation intent through fetch preflight
  ---
  duration_ms: 26.858867
  type: 'test'
  ...
# Subtest: custom-icon preprocessing keeps the navigation generation from file-selection time
ok 745 - custom-icon preprocessing keeps the navigation generation from file-selection time
  ---
  duration_ms: 13.701024
  type: 'test'
  ...
# Subtest: reproduction: closed picker or changed navigation cannot release an unsent page-icon write
ok 746 - reproduction: closed picker or changed navigation cannot release an unsent page-icon write
  ---
  duration_ms: 58.419575
  type: 'test'
  ...
# Subtest: safe API reads include GET and HEAD only
ok 747 - safe API reads include GET and HEAD only
  ---
  duration_ms: 1.822035
  type: 'test'
  ...
# Subtest: a stalled GET response body is aborted and retried once
ok 748 - a stalled GET response body is aborted and retried once
  ---
  duration_ms: 20.885319
  type: 'test'
  ...
# Subtest: the deadline aborts a real fetch whose response body never finishes, then retries
ok 749 - the deadline aborts a real fetch whose response body never finishes, then retries
  ---
  duration_ms: 111.932322
  type: 'test'
  ...
# Subtest: a GET that stalls twice surfaces a deterministic timeout
ok 750 - a GET that stalls twice surfaces a deterministic timeout
  ---
  duration_ms: 31.134546
  type: 'test'
  ...
# Subtest: mutation transport failures are never auto-retried
ok 751 - mutation transport failures are never auto-retried
  ---
  duration_ms: 0.415294
  type: 'test'
  ...
# Subtest: caller abort cancels a safe read without retrying
ok 752 - caller abort cancels a safe read without retrying
  ---
  duration_ms: 1.328509
  type: 'test'
  ...
# Subtest: authentication boundary callbacks are not treated as transport retries
ok 753 - authentication boundary callbacks are not treated as transport retries
  ---
  duration_ms: 0.56918
  type: 'test'
  ...
# Subtest: request dispatch guards run synchronously with no microtask gap before fetch
ok 754 - request dispatch guards run synchronously with no microtask gap before fetch
  ---
  duration_ms: 3.642917
  type: 'test'
  ...
# Subtest: the app routes API reads through the bounded transport without weakening auth fencing
ok 755 - the app routes API reads through the bounded transport without weakening auth fencing
  ---
  duration_ms: 6.560742
  type: 'test'
  ...
# Subtest: all supported languages contain the read-timeout error
ok 756 - all supported languages contain the read-timeout error
  ---
  duration_ms: 5.340571
  type: 'test'
  ...
# Subtest: page navigation keeps loading status visible while the read is pending
ok 757 - page navigation keeps loading status visible while the read is pending
  ---
  duration_ms: 5.50429
  type: 'test'
  ...
# Subtest: reproduction: an RR move snapshot can miss the descendant collaboration lineage admitted while it waits
ok 758 - reproduction: an RR move snapshot can miss the descendant collaboration lineage admitted while it waits
  ---
  duration_ms: 1.096733
  type: 'test'
  ...
# Subtest: collection-scope moves capture collaboration lineages with a current locking read
ok 759 - collection-scope moves capture collaboration lineages with a current locking read
  ---
  duration_ms: 3.855973
  type: 'test'
  ...
# Subtest: reproduction: stale recovery reads can omit a newly admitted editor and document epoch
ok 760 - reproduction: stale recovery reads can omit a newly admitted editor and document epoch
  ---
  duration_ms: 0.297696
  type: 'test'
  ...
# Subtest: destructive recovery preservation uses current locking reads for state and effective editors
ok 761 - destructive recovery preservation uses current locking reads for state and effective editors
  ---
  duration_ms: 0.709498
  type: 'test'
  ...
# node:internal/modules/esm/get_format:219
#   throw new ERR_UNKNOWN_FILE_EXTENSION(ext, filepath);
#         ^
# TypeError [ERR_UNKNOWN_FILE_EXTENSION]: Unknown file extension ".ts" for /mnt/data/BrainVault_work/src/lib/page-delete-snapshot.ts
#     at Object.getFileProtocolModuleFormat [as file:] (node:internal/modules/esm/get_format:219:9)
#     at defaultGetFormat (node:internal/modules/esm/get_format:245:36)
#     at defaultLoad (node:internal/modules/esm/load:120:22)
#     at async ModuleLoader.loadAndTranslate (node:internal/modules/esm/loader:580:32) {
#   code: 'ERR_UNKNOWN_FILE_EXTENSION'
# }
# Node.js v22.16.0
# Subtest: tests/page-move-collection-scope-integrity.node.test.mjs
not ok 182 - tests/page-move-collection-scope-integrity.node.test.mjs
  ---
  duration_ms: 67.210147
  type: 'test'
  location: '/mnt/data/BrainVault_work/tests/page-move-collection-scope-integrity.node.test.mjs:1:1'
  failureType: 'testCodeFailure'
  exitCode: 1
  signal: ~
  error: 'test failed'
  code: 'ERR_TEST_FAILURE'
  ...
# Subtest: reproduction: old page-move state leaves a selected descendant in the wrong persistence mode
ok 763 - reproduction: old page-move state leaves a selected descendant in the wrong persistence mode
  ---
  duration_ms: 1.649087
  type: 'test'
  ...
# Subtest: collection-scope page moves drain browser writers and fence both recovery stores
ok 764 - collection-scope page moves drain browser writers and fence both recovery stores
  ---
  duration_ms: 7.320004
  type: 'test'
  ...
# Subtest: post-move reconciliation refreshes descendants and restarts a rotated collaboration lineage
ok 765 - post-move reconciliation refreshes descendants and restarts a rotated collaboration lineage
  ---
  duration_ms: 0.700275
  type: 'test'
  ...
# Subtest: post-commit page-summary refresh failure leaves the affected selection read-only
ok 766 - post-commit page-summary refresh failure leaves the affected selection read-only
  ---
  duration_ms: 2.964233
  type: 'test'
  ...
# Subtest: superseded post-move page-list refresh fails closed before the edit lock can reopen
ok 767 - superseded post-move page-list refresh fails closed before the edit lock can reopen
  ---
  duration_ms: 1.119324
  type: 'test'
  ...
# Subtest: failed post-move refresh does not alter an unrelated current selection
ok 768 - failed post-move refresh does not alter an unrelated current selection
  ---
  duration_ms: 1.029349
  type: 'test'
  ...
# Subtest: runtime reconciliation switches the selected descendant onto the authoritative post-move mode
ok 769 - runtime reconciliation switches the selected descendant onto the authoritative post-move mode
  ---
  duration_ms: 1.247023
  type: 'test'
  ...
# Subtest: runtime reconciliation tears down an old Yjs lineage when the moved subtree becomes private
ok 770 - runtime reconciliation tears down an old Yjs lineage when the moved subtree becomes private
  ---
  duration_ms: 1.681309
  type: 'test'
  ...
# Subtest: page archive stays bound to the confirmed navigation through persistence and fetch preflight waits
ok 771 - page archive stays bound to the confirmed navigation through persistence and fetch preflight waits
  ---
  duration_ms: 21.263798
  type: 'test'
  ...
# Subtest: sidebar page move cancels an unsubmitted structural write after navigation changes
ok 772 - sidebar page move cancels an unsubmitted structural write after navigation changes
  ---
  duration_ms: 14.442046
  type: 'test'
  ...
# Subtest: reproduction: equal edit versions let the old archive code archive the page the user already left
ok 773 - reproduction: equal edit versions let the old archive code archive the page the user already left
  ---
  duration_ms: 0.842834
  type: 'test'
  ...
# Subtest: reproduction: old page-move code can submit after the initiating navigation is superseded
ok 774 - reproduction: old page-move code can submit after the initiating navigation is superseded
  ---
  duration_ms: 0.228567
  type: 'test'
  ...
# Subtest: page parent move is an in-place hierarchy mutation guarded by owner-wide row locks and optimistic versioning
ok 775 - page parent move is an in-place hierarchy mutation guarded by owner-wide row locks and optimistic versioning
  ---
  duration_ms: 0.937627
  type: 'test'
  ...
# Subtest: page parent move does not rewrite page content or child records
ok 776 - page parent move does not rewrite page content or child records
  ---
  duration_ms: 0.707029
  type: 'test'
  ...
# Subtest: server rejects invalid page-move destinations before applying a parent update
ok 777 - server rejects invalid page-move destinations before applying a parent update
  ---
  duration_ms: 0.192023
  type: 'test'
  ...
# Subtest: reproduction: stale explicit-save refresh can supersede a newer navigation
ok 778 - reproduction: stale explicit-save refresh can supersede a newer navigation
  ---
  duration_ms: 1.28739
  type: 'test'
  ...
# Subtest: explicit save fences its post-flush list refresh to auth, page, and navigation
ok 779 - explicit save fences its post-flush list refresh to auth, page, and navigation
  ---
  duration_ms: 2.146464
  type: 'test'
  ...
# Subtest: explicit save does not publish stale success or error status after navigation
ok 780 - explicit save does not publish stale success or error status after navigation
  ---
  duration_ms: 0.608395
  type: 'test'
  ...
# Subtest: large page-list requests use bounded batch enrichment instead of per-page access/tag queries
ok 781 - large page-list requests use bounded batch enrichment instead of per-page access/tag queries
  ---
  duration_ms: 11.000547
  type: 'test'
  ...
# Subtest: workspace navigation opts into compact 500-item keyset batches
ok 782 - workspace navigation opts into compact 500-item keyset batches
  ---
  duration_ms: 20.516748
  type: 'test'
  ...
# Subtest: navigation preference save queues are pruned to the live workspace snapshot
ok 783 - navigation preference save queues are pruned to the live workspace snapshot
  ---
  duration_ms: 15.340642
  type: 'test'
  ...
# Subtest: selected-page rerenders update navigation selection without rebuilding or rescanning the workspace tree
ok 784 - selected-page rerenders update navigation selection without rebuilding or rescanning the workspace tree
  ---
  duration_ms: 12.880621
  type: 'test'
  ...
# Subtest: navigation selection sync preserves active and aria-current semantics across views
ok 785 - navigation selection sync preserves active and aria-current semantics across views
  ---
  duration_ms: 17.494032
  type: 'test'
  ...
# Subtest: hierarchy index preserves collection semantics while avoiding repeated full-array scans
ok 786 - hierarchy index preserves collection semantics while avoiding repeated full-array scans
  ---
  duration_ms: 136.602785
  type: 'test'
  ...
# Subtest: home recent-document selection keeps exact valid-timestamp ordering without sorting the whole workspace
ok 787 - home recent-document selection keeps exact valid-timestamp ordering without sorting the whole workspace
  ---
  duration_ms: 555.198164
  type: 'test'
  ...
# Subtest: page header path lookup reuses the workspace page index instead of rebuilding a full map
ok 788 - page header path lookup reuses the workspace page index instead of rebuilding a full map
  ---
  duration_ms: 16.390322
  type: 'test'
  ...
# Subtest: title typing and save update only cached presentation nodes instead of rescanning or rebuilding the full page tree
ok 789 - title typing and save update only cached presentation nodes instead of rescanning or rebuilding the full page tree
  ---
  duration_ms: 35.94156
  type: 'test'
  ...
# Subtest: incremental recent-order refresh moves only the affected rendered node and preserves explicit order
ok 790 - incremental recent-order refresh moves only the affected rendered node and preserves explicit order
  ---
  duration_ms: 19.179735
  type: 'test'
  ...
# Subtest: incremental title presentation preserves labels, menus, toggle accessibility, and collection-view title
ok 791 - incremental title presentation preserves labels, menus, toggle accessibility, and collection-view title
  ---
  duration_ms: 20.810224
  type: 'test'
  ...
# Subtest: collaborative title and content-version propagation avoid workspace-wide summary scans
ok 792 - collaborative title and content-version propagation avoid workspace-wide summary scans
  ---
  duration_ms: 22.771856
  type: 'test'
  ...
# Subtest: sidebar rendering batches live DOM replacement and defers already-collapsed descendant creation
ok 793 - sidebar rendering batches live DOM replacement and defers already-collapsed descendant creation
  ---
  duration_ms: 19.801213
  type: 'test'
  ...
# Subtest: subpage index renders large descendant trees in one iterative pass without recursive depth risk
ok 794 - subpage index renders large descendant trees in one iterative pass without recursive depth risk
  ---
  duration_ms: 196.278299
  type: 'test'
  ...
# Subtest: large subtree and move-dialog helpers avoid repeated full-page scans
ok 795 - large subtree and move-dialog helpers avoid repeated full-page scans
  ---
  duration_ms: 33.043366
  type: 'test'
  ...
# Subtest: tag replacement re-reads a concurrently-created tag with a locking/current read
ok 796 - tag replacement re-reads a concurrently-created tag with a locking/current read
  ---
  duration_ms: 1.103012
  type: 'test'
  ...
# Subtest: reproduction model: stale snapshot lookup can drop the requested tag
ok 797 - reproduction model: stale snapshot lookup can drop the requested tag
  ---
  duration_ms: 0.241853
  type: 'test'
  ...
# Subtest: direct title saves fence the pre-queue durability admission window
ok 798 - direct title saves fence the pre-queue durability admission window
  ---
  duration_ms: 4.512862
  type: 'test'
  ...
# Subtest: flush-owned title saves remain admissible while the page-edit lock is held
ok 799 - flush-owned title saves remain admissible while the page-edit lock is held
  ---
  duration_ms: 0.4411
  type: 'test'
  ...
# node:internal/modules/esm/get_format:219
#   throw new ERR_UNKNOWN_FILE_EXTENSION(ext, filepath);
#         ^
# TypeError [ERR_UNKNOWN_FILE_EXTENSION]: Unknown file extension ".ts" for /mnt/data/BrainVault_work/src/lib/page-version-reset-mutation.ts
#     at Object.getFileProtocolModuleFormat [as file:] (node:internal/modules/esm/get_format:219:9)
#     at defaultGetFormat (node:internal/modules/esm/get_format:245:36)
#     at defaultLoad (node:internal/modules/esm/load:120:22)
#     at async ModuleLoader.loadAndTranslate (node:internal/modules/esm/loader:580:32) {
#   code: 'ERR_UNKNOWN_FILE_EXTENSION'
# }
# Node.js v22.16.0
# Subtest: tests/page-version-reset-idempotency.node.test.mjs
not ok 190 - tests/page-version-reset-idempotency.node.test.mjs
  ---
  duration_ms: 48.130679
  type: 'test'
  location: '/mnt/data/BrainVault_work/tests/page-version-reset-idempotency.node.test.mjs:1:1'
  failureType: 'testCodeFailure'
  exitCode: 1
  signal: ~
  error: 'test failed'
  code: 'ERR_TEST_FAILURE'
  ...
# Subtest: discoverable-passkey login keeps the WebAuthn ceremony server-authoritative
ok 801 - discoverable-passkey login keeps the WebAuthn ceremony server-authoritative
  ---
  duration_ms: 35.271317
  type: 'test'
  ...
# Subtest: new passkeys are discoverable and legacy WebAuthn boundaries are canonical
ok 802 - new passkeys are discoverable and legacy WebAuthn boundaries are canonical
  ---
  duration_ms: 1.891604
  type: 'test'
  ...
# Subtest: the standalone reproduction rejects every modeled attack
ok 803 - the standalone reproduction rejects every modeled attack
  ---
  duration_ms: 101.008425
  type: 'test'
  ...
# Subtest: passkey registration exposes an explicit standards-based QR/hybrid path
ok 804 - passkey registration exposes an explicit standards-based QR/hybrid path
  ---
  duration_ms: 15.25652
  type: 'test'
  ...
# Subtest: an active block drag cannot commit after the page becomes read-only
ok 805 - an active block drag cannot commit after the page becomes read-only
  ---
  duration_ms: 4.488227
  type: 'test'
  ...
# Subtest: an active block drag still commits normally while the page remains writable
ok 806 - an active block drag still commits normally while the page remains writable
  ---
  duration_ms: 1.940428
  type: 'test'
  ...
# Subtest: kanban drag commit paths re-check write permission at drop time
ok 807 - kanban drag commit paths re-check write permission at drop time
  ---
  duration_ms: 1.116766
  type: 'test'
  ...
# Subtest: gantt pointer drags roll back instead of committing after read mode activates
ok 808 - gantt pointer drags roll back instead of committing after read mode activates
  ---
  duration_ms: 0.27122
  type: 'test'
  ...
# Subtest: accordion input and drag/drop handlers reject mutations after read mode activates
ok 809 - accordion input and drag/drop handlers reject mutations after read mode activates
  ---
  duration_ms: 0.908595
  type: 'test'
  ...
# Subtest: an in-flight REST block creation fences the page against entering read mode
ok 810 - an in-flight REST block creation fences the page against entering read mode
  ---
  duration_ms: 4.280081
  type: 'test'
  ...
# Subtest: attachment uploads hold the same page-mode mutation fence for their entire asynchronous mutation path
ok 811 - attachment uploads hold the same page-mode mutation fence for their entire asynchronous mutation path
  ---
  duration_ms: 0.400931
  type: 'test'
  ...
# Subtest: the read/write toggle is disabled while the selected page has an active mutation fence
ok 812 - the read/write toggle is disabled while the selected page has an active mutation fence
  ---
  duration_ms: 0.751245
  type: 'test'
  ...
# Subtest: read mode blocks destructive page-version history reset while keeping history viewing available
ok 813 - read mode blocks destructive page-version history reset while keeping history viewing available
  ---
  duration_ms: 1.671334
  type: 'test'
  ...
# Subtest: same-page local draft recovery switches to write mode before activation
ok 814 - same-page local draft recovery switches to write mode before activation
  ---
  duration_ms: 4.280012
  type: 'test'
  ...
# Subtest: collaboration recovery changes visible mode before recovered Yjs state can apply
ok 815 - collaboration recovery changes visible mode before recovered Yjs state can apply
  ---
  duration_ms: 1.28655
  type: 'test'
  ...
# Subtest: pending block-order retries cannot persist while the page is read-only
ok 816 - pending block-order retries cannot persist while the page is read-only
  ---
  duration_ms: 1.69866
  type: 'test'
  ...
# Subtest: empty pages enter write mode and create the first block under the transition lock
ok 817 - empty pages enter write mode and create the first block under the transition lock
  ---
  duration_ms: 7.987789
  type: 'test'
  ...
# Subtest: pages with blocks enter write mode without creating another block
ok 818 - pages with blocks enter write mode without creating another block
  ---
  duration_ms: 3.475002
  type: 'test'
  ...
# Subtest: write mode remains available when persistent storage is denied but strict recovery storage is writable
ok 819 - write mode remains available when persistent storage is denied but strict recovery storage is writable
  ---
  duration_ms: 8.735073
  type: 'test'
  ...
# Subtest: write mode still fails closed when strict recovery storage itself is unavailable
ok 820 - write mode still fails closed when strict recovery storage itself is unavailable
  ---
  duration_ms: 5.388676
  type: 'test'
  ...
# Subtest: entering read mode applies the materialized rendered cache before completing the transition
ok 821 - entering read mode applies the materialized rendered cache before completing the transition
  ---
  duration_ms: 4.637332
  type: 'test'
  ...
# Subtest: entering read mode rehydrates fenced code after a write-mode DOM rebuild
ok 822 - entering read mode rehydrates fenced code after a write-mode DOM rebuild
  ---
  duration_ms: 4.483044
  type: 'test'
  ...
# Subtest: navigation during write-mode persistence discovery cannot mutate the newer page
ok 823 - navigation during write-mode persistence discovery cannot mutate the newer page
  ---
  duration_ms: 4.348571
  type: 'test'
  ...
# Subtest: server recovery upload is additive and never auto-deletes browser recovery
ok 824 - server recovery upload is additive and never auto-deletes browser recovery
  ---
  duration_ms: 16.614737
  type: 'test'
  ...
# Subtest: post-scan restoration race cannot delete direct browser recovery
ok 825 - post-scan restoration race cannot delete direct browser recovery
  ---
  duration_ms: 1.052093
  type: 'test'
  ...
# Subtest: archived or temporarily absent pages retain local recovery after server preservation
ok 826 - archived or temporarily absent pages retain local recovery after server preservation
  ---
  duration_ms: 0.185541
  type: 'test'
  ...
# Subtest: recovery-vault upload and deletion revalidate the exact auth session inside their durable transaction
ok 827 - recovery-vault upload and deletion revalidate the exact auth session inside their durable transaction
  ---
  duration_ms: 0.935434
  type: 'test'
  ...
# Subtest: recovery-vault helpers can share the caller transaction instead of escaping the auth fence
ok 828 - recovery-vault helpers can share the caller transaction instead of escaping the auth fence
  ---
  duration_ms: 0.362712
  type: 'test'
  ...
# Subtest: stale-auth recovery-vault race fails closed after credential or device-session revocation
ok 829 - stale-auth recovery-vault race fails closed after credential or device-session revocation
  ---
  duration_ms: 2.020534
  type: 'test'
  ...
# Subtest: recovery upload batches stay bound to the account and auth generation that selected them
ok 830 - recovery upload batches stay bound to the account and auth generation that selected them
  ---
  duration_ms: 21.771852
  type: 'test'
  ...
# Subtest: a newer login can start its own recovery sync while the older task self-cancels
ok 831 - a newer login can start its own recovery sync while the older task self-cancels
  ---
  duration_ms: 0.799561
  type: 'test'
  ...
# Subtest: recovery candidate download fences credential dispatch, response bytes, digest, and click to one auth scope
ok 832 - recovery candidate download fences credential dispatch, response bytes, digest, and click to one auth scope
  ---
  duration_ms: 13.04871
  type: 'test'
  ...
# Subtest: divergent same-base title drafts are conflicts and cannot enter the auto-save branch
ok 833 - divergent same-base title drafts are conflicts and cannot enter the auto-save branch
  ---
  duration_ms: 3.974515
  type: 'test'
  ...
# Subtest: single same-base recovered title still requires explicit overwrite confirmation
ok 834 - single same-base recovered title still requires explicit overwrite confirmation
  ---
  duration_ms: 0.709286
  type: 'test'
  ...
# Subtest: single same-base recovered block still requires explicit overwrite confirmation
ok 835 - single same-base recovered block still requires explicit overwrite confirmation
  ---
  duration_ms: 0.733366
  type: 'test'
  ...
# Subtest: divergent same-base block drafts are marked conflicting before any automatic save
ok 836 - divergent same-base block drafts are marked conflicting before any automatic save
  ---
  duration_ms: 0.822605
  type: 'test'
  ...
# Subtest: divergent same-base block orders are never classified as auto-replayable recovery
ok 837 - divergent same-base block orders are never classified as auto-replayable recovery
  ---
  duration_ms: 0.753956
  type: 'test'
  ...
# Subtest: unreadable direct recovery aborts restoration instead of looking like no draft
ok 838 - unreadable direct recovery aborts restoration instead of looking like no draft
  ---
  duration_ms: 0.880838
  type: 'test'
  ...
# Subtest: already-persistent origins are revalidated without requesting persistence again
ok 839 - already-persistent origins are revalidated without requesting persistence again
  ---
  duration_ms: 1.478843
  type: 'test'
  ...
# Subtest: cached persistence is revalidated and a later revocation is reported
ok 840 - cached persistence is revalidated and a later revocation is reported
  ---
  duration_ms: 0.35428
  type: 'test'
  ...
# Subtest: permission changes refresh the cached persistence state when supported
ok 841 - permission changes refresh the cached persistence state when supported
  ---
  duration_ms: 14.885407
  type: 'test'
  ...
# Subtest: best-effort storage is promoted when the browser grants persistence
ok 842 - best-effort storage is promoted when the browser grants persistence
  ---
  duration_ms: 0.479707
  type: 'test'
  ...
# Subtest: denied or unavailable persistence is reported without being misclassified as a write failure
ok 843 - denied or unavailable persistence is reported without being misclassified as a write failure
  ---
  duration_ms: 0.226449
  type: 'test'
  ...
# Subtest: the app allows session-scoped editing while still gating writes on strict recovery storage
ok 844 - the app allows session-scoped editing while still gating writes on strict recovery storage
  ---
  duration_ms: 15.283458
  type: 'test'
  ...
# Subtest: Mermaid executable code is same-origin and vendored from an integrity-pinned package
ok 845 - Mermaid executable code is same-origin and vendored from an integrity-pinned package
  ---
  duration_ms: 2.298064
  type: 'test'
  ...
# Subtest: the supported single-instance topology is enforced before network traffic is accepted
ok 846 - the supported single-instance topology is enforced before network traffic is accepted
  ---
  duration_ms: 0.536434
  type: 'test'
  ...
# Subtest: page-version reset verification follows the refactored locked authorization helper
ok 847 - page-version reset verification follows the refactored locked authorization helper
  ---
  duration_ms: 1.364249
  type: 'test'
  ...
# node:internal/modules/esm/get_format:219
#   throw new ERR_UNKNOWN_FILE_EXTENSION(ext, filepath);
#         ^
# TypeError [ERR_UNKNOWN_FILE_EXTENSION]: Unknown file extension ".ts" for /mnt/data/BrainVault_work/src/lib/request-deadline.ts
#     at Object.getFileProtocolModuleFormat [as file:] (node:internal/modules/esm/get_format:219:9)
#     at defaultGetFormat (node:internal/modules/esm/get_format:245:36)
#     at defaultLoad (node:internal/modules/esm/load:120:22)
#     at async ModuleLoader.loadAndTranslate (node:internal/modules/esm/loader:580:32) {
#   code: 'ERR_UNKNOWN_FILE_EXTENSION'
# }
# Node.js v22.16.0
# Subtest: tests/request-deadline.node.test.mjs
not ok 203 - tests/request-deadline.node.test.mjs
  ---
  duration_ms: 41.009669
  type: 'test'
  location: '/mnt/data/BrainVault_work/tests/request-deadline.node.test.mjs:1:1'
  failureType: 'testCodeFailure'
  exitCode: 1
  signal: ~
  error: 'test failed'
  code: 'ERR_TEST_FAILURE'
  ...
# Subtest: restore keeps durable reset/create tombstones but invalidates page-generation mutation receipts
ok 849 - restore keeps durable reset/create tombstones but invalidates page-generation mutation receipts
  ---
  duration_ms: 8.220635
  type: 'test'
  ...
# Subtest: a delayed pre-restore block reorder conflicts with the restored generation instead of being falsely acknowledged
ok 850 - a delayed pre-restore block reorder conflicts with the restored generation instead of being falsely acknowledged
  ---
  duration_ms: 0.27054
  type: 'test'
  ...
# Subtest: standalone reproduction proves stale retries cross page deletion plus restore before the fix but not after it
ok 851 - standalone reproduction proves stale retries cross page deletion plus restore before the fix but not after it
  ---
  duration_ms: 47.981621
  type: 'test'
  ...
# node:internal/modules/esm/get_format:219
#   throw new ERR_UNKNOWN_FILE_EXTENSION(ext, filepath);
#         ^
# TypeError [ERR_UNKNOWN_FILE_EXTENSION]: Unknown file extension ".ts" for /mnt/data/BrainVault_work/src/lib/reverse-proxy.ts
#     at Object.getFileProtocolModuleFormat [as file:] (node:internal/modules/esm/get_format:219:9)
#     at defaultGetFormat (node:internal/modules/esm/get_format:245:36)
#     at defaultLoad (node:internal/modules/esm/load:120:22)
#     at async ModuleLoader.loadAndTranslate (node:internal/modules/esm/loader:580:32) {
#   code: 'ERR_UNKNOWN_FILE_EXTENSION'
# }
# Node.js v22.16.0
# Subtest: tests/reverse-proxy-trust-boundary.node.test.mjs
not ok 205 - tests/reverse-proxy-trust-boundary.node.test.mjs
  ---
  duration_ms: 43.041085
  type: 'test'
  location: '/mnt/data/BrainVault_work/tests/reverse-proxy-trust-boundary.node.test.mjs:1:1'
  failureType: 'testCodeFailure'
  exitCode: 1
  signal: ~
  error: 'test failed'
  code: 'ERR_TEST_FAILURE'
  ...
# node:internal/modules/esm/get_format:219
#   throw new ERR_UNKNOWN_FILE_EXTENSION(ext, filepath);
#         ^
# TypeError [ERR_UNKNOWN_FILE_EXTENSION]: Unknown file extension ".ts" for /mnt/data/BrainVault_work/src/lib/runtime-security.ts
#     at Object.getFileProtocolModuleFormat [as file:] (node:internal/modules/esm/get_format:219:9)
#     at defaultGetFormat (node:internal/modules/esm/get_format:245:36)
#     at defaultLoad (node:internal/modules/esm/load:120:22)
#     at async ModuleLoader.loadAndTranslate (node:internal/modules/esm/loader:580:32) {
#   code: 'ERR_UNKNOWN_FILE_EXTENSION'
# }
# Node.js v22.16.0
# Subtest: tests/runtime-security-floor.node.test.mjs
not ok 206 - tests/runtime-security-floor.node.test.mjs
  ---
  duration_ms: 75.318297
  type: 'test'
  location: '/mnt/data/BrainVault_work/tests/runtime-security-floor.node.test.mjs:1:1'
  failureType: 'testCodeFailure'
  exitCode: 1
  signal: ~
  error: 'test failed'
  code: 'ERR_TEST_FAILURE'
  ...
# node:internal/modules/esm/get_format:219
#   throw new ERR_UNKNOWN_FILE_EXTENSION(ext, filepath);
#         ^
# TypeError [ERR_UNKNOWN_FILE_EXTENSION]: Unknown file extension ".ts" for /mnt/data/BrainVault_work/src/lib/websocket.ts
#     at Object.getFileProtocolModuleFormat [as file:] (node:internal/modules/esm/get_format:219:9)
#     at defaultGetFormat (node:internal/modules/esm/get_format:245:36)
#     at defaultLoad (node:internal/modules/esm/load:120:22)
#     at async ModuleLoader.loadAndTranslate (node:internal/modules/esm/loader:580:32) {
#   code: 'ERR_UNKNOWN_FILE_EXTENSION'
# }
# Node.js v22.16.0
# Subtest: tests/runtime-stability-regression.node.test.mjs
not ok 207 - tests/runtime-stability-regression.node.test.mjs
  ---
  duration_ms: 53.714738
  type: 'test'
  location: '/mnt/data/BrainVault_work/tests/runtime-stability-regression.node.test.mjs:1:1'
  failureType: 'testCodeFailure'
  exitCode: 1
  signal: ~
  error: 'test failed'
  code: 'ERR_TEST_FAILURE'
  ...
# Subtest: an enqueue during drain settlement starts a fresh writer run
ok 855 - an enqueue during drain settlement starts a fresh writer run
  ---
  duration_ms: 2.912693
  type: 'test'
  ...
# Subtest: an enqueue after discard gets a fresh runner when the discarded write later fails
ok 856 - an enqueue after discard gets a fresh runner when the discarded write later fails
  ---
  duration_ms: 0.792595
  type: 'test'
  ...
# Subtest: a flush started before discard never adopts post-discard writes
ok 857 - a flush started before discard never adopts post-discard writes
  ---
  duration_ms: 0.338203
  type: 'test'
  ...
# Subtest: a discarded successful write cannot seed the next generation's empty flush
ok 858 - a discarded successful write cannot seed the next generation's empty flush
  ---
  duration_ms: 0.244058
  type: 'test'
  ...
# Subtest: a definitive structured metadata rejection does not remain in the retry slot
ok 859 - a definitive structured metadata rejection does not remain in the retry slot
  ---
  duration_ms: 0.325759
  type: 'test'
  ...
# Subtest: a definitive rejection drops a non-superseding queued edit instead of arming a later flush
ok 860 - a definitive rejection drops a non-superseding queued edit instead of arming a later flush
  ---
  duration_ms: 0.321473
  type: 'test'
  ...
# Subtest: a newer canonical structured payload supersedes an older rejected snapshot
ok 861 - a newer canonical structured payload supersedes an older rejected snapshot
  ---
  duration_ms: 0.247547
  type: 'test'
  ...
# Subtest: an ambiguous write is still retried before a newer edit
ok 862 - an ambiguous write is still retried before a newer edit
  ---
  duration_ms: 0.207597
  type: 'test'
  ...
# Subtest: direct optimistic-lock conflicts require explicit overwrite admission
ok 863 - direct optimistic-lock conflicts require explicit overwrite admission
  ---
  duration_ms: 19.974745
  type: 'test'
  ...
# Subtest: the browser block queue wires HTTP-aware retry and structured supersession policies
ok 864 - the browser block queue wires HTTP-aware retry and structured supersession policies
  ---
  duration_ms: 6.333092
  type: 'test'
  ...
# Subtest: discard exposes a settlement barrier for an in-flight write and drops queued work
ok 865 - discard exposes a settlement barrier for an in-flight write and drops queued work
  ---
  duration_ms: 0.436884
  type: 'test'
  ...
# Subtest: direct block deletions await discarded in-flight saves before taking deletion snapshots
ok 866 - direct block deletions await discarded in-flight saves before taking deletion snapshots
  ---
  duration_ms: 11.012241
  type: 'test'
  ...
# node:internal/modules/esm/get_format:219
#   throw new ERR_UNKNOWN_FILE_EXTENSION(ext, filepath);
#         ^
# TypeError [ERR_UNKNOWN_FILE_EXTENSION]: Unknown file extension ".ts" for /mnt/data/BrainVault_work/src/lib/sql-like.ts
#     at Object.getFileProtocolModuleFormat [as file:] (node:internal/modules/esm/get_format:219:9)
#     at defaultGetFormat (node:internal/modules/esm/get_format:245:36)
#     at defaultLoad (node:internal/modules/esm/load:120:22)
#     at async ModuleLoader.loadAndTranslate (node:internal/modules/esm/loader:580:32) {
#   code: 'ERR_UNKNOWN_FILE_EXTENSION'
# }
# Node.js v22.16.0
# Subtest: tests/search-literal-query.node.test.mjs
not ok 209 - tests/search-literal-query.node.test.mjs
  ---
  duration_ms: 41.432669
  type: 'test'
  location: '/mnt/data/BrainVault_work/tests/search-literal-query.node.test.mjs:1:1'
  failureType: 'testCodeFailure'
  exitCode: 1
  signal: ~
  error: 'test failed'
  code: 'ERR_TEST_FAILURE'
  ...
# Subtest: global search reads page and block hits from one repeatable-read transaction
ok 868 - global search reads page and block hits from one repeatable-read transaction
  ---
  duration_ms: 9.156463
  type: 'test'
  ...
# Subtest: reproduction: restore cannot mix page hits from one workspace generation with block hits from another
ok 869 - reproduction: restore cannot mix page hits from one workspace generation with block hits from another
  ---
  duration_ms: 0.456361
  type: 'test'
  ...
# Subtest: secret generation prints independent 32-byte base64url values
ok 870 - secret generation prints independent 32-byte base64url values
  ---
  duration_ms: 39.678886
  type: 'test'
  ...
# Subtest: --write fills placeholder values and protects existing secrets
ok 871 - --write fills placeholder values and protects existing secrets
  ---
  duration_ms: 136.609184
  type: 'test'
  ...
# node:internal/modules/esm/get_format:219
#   throw new ERR_UNKNOWN_FILE_EXTENSION(ext, filepath);
#         ^
# TypeError [ERR_UNKNOWN_FILE_EXTENSION]: Unknown file extension ".ts" for /mnt/data/BrainVault_work/src/lib/collaboration-presence.ts
#     at Object.getFileProtocolModuleFormat [as file:] (node:internal/modules/esm/get_format:219:9)
#     at defaultGetFormat (node:internal/modules/esm/get_format:245:36)
#     at defaultLoad (node:internal/modules/esm/load:120:22)
#     at async ModuleLoader.loadAndTranslate (node:internal/modules/esm/loader:580:32) {
#   code: 'ERR_UNKNOWN_FILE_EXTENSION'
# }
# Node.js v22.16.0
# Subtest: tests/security-followup-remediation.node.test.mjs
not ok 212 - tests/security-followup-remediation.node.test.mjs
  ---
  duration_ms: 43.59316
  type: 'test'
  location: '/mnt/data/BrainVault_work/tests/security-followup-remediation.node.test.mjs:1:1'
  failureType: 'testCodeFailure'
  exitCode: 1
  signal: ~
  error: 'test failed'
  code: 'ERR_TEST_FAILURE'
  ...
# Subtest: the patched lockfile excludes vulnerable ip-address releases
ok 873 - the patched lockfile excludes vulnerable ip-address releases
  ---
  duration_ms: 3.704403
  type: 'test'
  ...
# Subtest: dependency installation rejects Node releases below the July 2026 security floor
ok 874 - dependency installation rejects Node releases below the July 2026 security floor
  ---
  duration_ms: 2.52448
  type: 'test'
  ...
# Subtest: the collaboration runtime is same-origin and the import map matches its CSP hash
ok 875 - the collaboration runtime is same-origin and the import map matches its CSP hash
  ---
  duration_ms: 2.469457
  type: 'test'
  ...
# Subtest: server highlighting cannot execute code through a Node VM context
ok 876 - server highlighting cannot execute code through a Node VM context
  ---
  duration_ms: 0.290479
  type: 'test'
  ...
# Subtest: shared content cannot auto-load arbitrary third-party images
ok 877 - shared content cannot auto-load arbitrary third-party images
  ---
  duration_ms: 12.693606
  type: 'test'
  ...
# Subtest: rendered HTML explicitly excludes foreign and raw-text parser contexts
ok 878 - rendered HTML explicitly excludes foreign and raw-text parser contexts
  ---
  duration_ms: 0.427136
  type: 'test'
  ...
# Subtest: the documented advisory hostname canonicalizes to the private IPv4 target
ok 879 - the documented advisory hostname canonicalizes to the private IPv4 target
  ---
  duration_ms: 0.142442
  type: 'test'
  ...
# Subtest: collaboration updates are semantically validated off the event loop before durable persistence
ok 880 - collaboration updates are semantically validated off the event loop before durable persistence
  ---
  duration_ms: 0.676619
  type: 'test'
  ...
# Subtest: collaboration tickets are bound to the authenticated browser session
ok 881 - collaboration tickets are bound to the authenticated browser session
  ---
  duration_ms: 1.147803
  type: 'test'
  ...
# Subtest: password login outcomes use uniform padding and hide pre-auth policy denials
ok 882 - password login outcomes use uniform padding and hide pre-auth policy denials
  ---
  duration_ms: 0.723701
  type: 'test'
  ...
# Subtest: backup import enforces the same preferred-language enum as profile mutations
ok 883 - backup import enforces the same preferred-language enum as profile mutations
  ---
  duration_ms: 1.939033
  type: 'test'
  ...
# Subtest: bookmark numeric entity decoding rejects invalid Unicode code points without throwing
ok 884 - bookmark numeric entity decoding rejects invalid Unicode code points without throwing
  ---
  duration_ms: 0.481616
  type: 'test'
  ...
# Subtest: password account-enumeration paths perform comparable cryptographic and database work
ok 885 - password account-enumeration paths perform comparable cryptographic and database work
  ---
  duration_ms: 0.537444
  type: 'test'
  ...
# Subtest: bearer authentication enforces the same revocable session row as cookie authentication
ok 886 - bearer authentication enforces the same revocable session row as cookie authentication
  ---
  duration_ms: 0.306035
  type: 'test'
  ...
# Subtest: restore journals are authenticated before startup recovery can derive destructive paths
ok 887 - restore journals are authenticated before startup recovery can derive destructive paths
  ---
  duration_ms: 1.974084
  type: 'test'
  ...
# Subtest: data-transfer temp cleanup and collaboration lifecycle defenses are active
ok 888 - data-transfer temp cleanup and collaboration lifecycle defenses are active
  ---
  duration_ms: 1.162956
  type: 'test'
  ...
# Subtest: page sharing has dedicated account and IP abuse ceilings
ok 889 - page sharing has dedicated account and IP abuse ceilings
  ---
  duration_ms: 1.331479
  type: 'test'
  ...
# Subtest: navigation order writes are request-bounded, single-statement, and account-rate-limited
ok 890 - navigation order writes are request-bounded, single-statement, and account-rate-limited
  ---
  duration_ms: 0.509202
  type: 'test'
  ...
# Subtest: block reorder validates block and parent identifiers before request hashing
ok 891 - block reorder validates block and parent identifiers before request hashing
  ---
  duration_ms: 0.512565
  type: 'test'
  ...
# Subtest: archived pages reject direct REST mutations while preserving the restore-only path
ok 892 - archived pages reject direct REST mutations while preserving the restore-only path
  ---
  duration_ms: 1.363788
  type: 'test'
  ...
# Subtest: password login account limiter is account-wide across source networks
ok 893 - password login account limiter is account-wide across source networks
  ---
  duration_ms: 0.22928
  type: 'test'
  ...
# Subtest: 404 responses do not reflect the raw request URL
ok 894 - 404 responses do not reflect the raw request URL
  ---
  duration_ms: 0.273281
  type: 'test'
  ...
# Subtest: collaboration awareness control frames are strictly validated before access revalidation
ok 895 - collaboration awareness control frames are strictly validated before access revalidation
  ---
  duration_ms: 0.974985
  type: 'test'
  ...
# Subtest: stored block metadata is revalidated before rendering and response projection
ok 896 - stored block metadata is revalidated before rendering and response projection
  ---
  duration_ms: 1.798577
  type: 'test'
  ...
# Subtest: bookmark preview modes share the same egress policy and translated IPv6 is classified
not ok 897 - bookmark preview modes share the same egress policy and translated IPv6 is classified
  ---
  duration_ms: 1.495599
  type: 'test'
  location: '/mnt/data/BrainVault_work/tests/security-remediation.node.test.mjs:362:1'
  failureType: 'testCodeFailure'
  error: |-
    The input did not match the regular expression /if \(isTranslatedIpv4\) return isPrivateIpv4\(embeddedIpv4\(parts\)\)/. Input:
    
    'import net from "node:net";\n' +
      '\n' +
      'export type ResolvedAddress = {\n' +
      '  address: string;\n' +
      '  family: 4 | 6;\n' +
      '};\n' +
      '\n' +
      'function ipv4ToNumber(address: string) {\n' +
      '  return address.split(".").reduce((total, part) => (total << 8) + Number(part), 0) >>> 0;\n' +
      '}\n' +
      '\n' +
      'function isIpv4InRange(address: string, base: string, prefix: number) {\n' +
      '  const mask = prefix === 0 ? 0 : (0xffffffff << (32 - prefix)) >>> 0;\n' +
      '  return (ipv4ToNumber(address) & mask) === (ipv4ToNumber(base) & mask);\n' +
      '}\n' +
      '\n' +
      'function isPrivateIpv4(address: string) {\n' +
      '  const ranges: Array<[string, number]> = [\n' +
      '    ["0.0.0.0", 8],\n' +
      '    ["10.0.0.0", 8],\n' +
      '    ["100.64.0.0", 10],\n' +
      '    ["127.0.0.0", 8],\n' +
      '    ["168.63.129.16", 32],\n' +
      '    ["169.254.0.0", 16],\n' +
      '    ["172.16.0.0", 12],\n' +
      '    ["192.0.0.0", 24],\n' +
      '    ["192.0.2.0", 24],\n' +
      '    ["192.88.99.0", 24],\n' +
      '    ["192.168.0.0", 16],\n' +
      '    ["198.18.0.0", 15],\n' +
      '    ["198.51.100.0", 24],\n' +
      '    ["203.0.113.0", 24],\n' +
      '    ["224.0.0.0", 4],\n' +
      '    ["240.0.0.0", 4]\n' +
      '  ];\n' +
      '  return ranges.some(([base, prefix]) => isIpv4InRange(address, base, prefix));\n' +
      '}\n' +
      '\n' +
      'function expandIpv6(address: string) {\n' +
      '  const normalized = address.toLowerCase().split("%")[0];\n' +
      '  if (normalized.includes(".")) {\n' +
      '    const lastColon = normalized.lastIndexOf(":");\n' +
      '    const ipv4 = normalized.slice(lastColon + 1);\n' +
      '    if (net.isIPv4(ipv4)) {\n' +
      '      const number = ipv4ToNumber(ipv4);\n' +
      '      address = `${normalized.slice(0, lastColon)}:${((number >>> 16) & 0xffff).toString(16)}:${(number & 0xffff).toString(16)}`;\n' +
      '    }\n' +
      '  }\n' +
      '\n' +
      '  const [left, right = ""] = address.toLowerCase().split("::");\n' +
      '  const leftParts = left ? left.split(":") : [];\n' +
      '  const rightParts = right ? right.split(":") : [];\n' +
      '  const missing = Math.max(0, 8 - leftParts.length - rightParts.length);\n' +
      '  return [...leftParts, ...Array.from({ length: missing }, () => "0"), ...rightParts]\n' +
      '    .map((part) => part.padStart(4, "0"))\n' +
      '    .slice(0, 8);\n' +
      '}\n' +
      '\n' +
      'function ipv6PartsToBigInt(parts: string[]) {\n' +
      '  return parts.reduce((value, part) => (value << 16n) | BigInt(Number.parseInt(part, 16)), 0n);\n' +
      '}\n' +
      '\n' +
      'function isIpv6InRange(parts: string[], base: string, prefix: number) {\n' +
      '  const addressValue = ipv6PartsToBigInt(parts);\n' +
      '  const baseValue = ipv6PartsToBigInt(expandIpv6(base));\n' +
      '  const shift = BigInt(128 - prefix);\n' +
      '  return (addressValue >> shift) === (baseValue >> shift);\n' +
      '}\n' +
      '\n' +
      'function embeddedIpv4(parts: string[]) {\n' +
      '  const high = Number.parseInt(parts[6], 16);\n' +
      '  const low = Number.parseInt(parts[7], 16);\n' +
      '  return `${high >>> 8}.${high & 255}.${low >>> 8}.${low & 255}`;\n' +
      '}\n' +
      '\n' +
      'function embeddedIpv4Translation(parts: string[]) {\n' +
      '  const isMappedIpv4 = parts.slice(0, 5).every((part) => part === "0000") && parts[5] === "ffff";\n' +
      '  const isTranslatedIpv4 = parts.slice(0, 4).every((part) => part === "0000")\n' +
      '    && parts[4] === "ffff"\n' +
      '    && parts[5] === "0000";\n' +
      '  return isMappedIpv4 || isTranslatedIpv4 ? embeddedIpv4(parts) : null;\n' +
      '}\n' +
      '\n' +
      'export function canonicalIpAddressKey(value: string) {\n' +
      '  const address = value.trim().toLowerCase().replace(/^\\[|\\]$/g, "").split("%", 1)[0];\n' +
      '  const family = net.isIP(address);\n' +
      '  if (family === 4) return `4:${address}`;\n' +
      '  if (family !== 6) return "";\n' +
      '\n' +
      '  const parts = expandIpv6(address);\n' +
      '  if (parts.length !== 8 || parts.some((part) => !/^[0-9a-f]{4}$/i.test(part))) return "";\n' +
      '  const translated = embeddedIpv4Translation(parts);\n' +
      '  if (translated) return `4:${translated}`;\n' +
      '  return `6:${parts.join(":")}`;\n' +
      '}\n' +
      '\n' +
      'function isPrivateIpv6(address: string) {\n' +
      '  const parts = expandIpv6(address);\n' +
      '  if (parts.length !== 8 || parts.some((part) => !/^[0-9a-f]{4}$/i.test(part))) return true;\n' +
      '\n' +
      '  // Keep private/special-use classification and self-origin comparison on the\n' +
      '  // same canonical interpretation of mapped and translated IPv4 forms.\n' +
      '  const translated = embeddedIpv4Translation(parts);\n' +
      '  if (translated) return isPrivateIpv4(translated);\n' +
      '\n' +
      '  const specialUseRanges: Array<[string, number]> = [\n' +
      '    ["::", 96],\n' +
      '    ["64:ff9b::", 96],\n' +
      '    ["64:ff9b:1::", 48],\n' +
      '    ["100::", 64],\n' +
      '    ["100:0:0:1::", 64],\n' +
      '    ["2001::", 23],\n' +
      '    ["2001:db8::", 32],\n' +
      '    ["2002::", 16],\n' +
      '    ["3fff::", 20],\n' +
      '    ["5f00::", 16],\n' +
      '    ["fc00::", 7],\n' +
      '    ["fe80::", 10],\n' +
      '    ["fec0::", 10],\n' +
      '    ["ff00::", 8]\n' +
      '  ];\n' +
      '  return specialUseRanges.some(([base, prefix]) => isIpv6InRange(parts, base, prefix));\n' +
      '}\n' +
      '\n' +
      'export function isPrivateAddress(address: string) {\n' +
      '  const family = net.isIP(address);\n' +
      '  if (family === 4) return isPrivateIpv4(address);\n' +
      '  if (family === 6) return isPrivateIpv6(address);\n' +
      '  return true;\n' +
      '}\n' +
      '\n' +
      'export function isPrivateOrLocalHostname(hostname: string) {\n' +
      '  const normalized = hostname\n' +
      '    .trim()\n' +
      '    .toLowerCase()\n' +
      '    .replace(/^\\[|\\]$/g, "")\n' +
      '    .replace(/\\.$/, "");\n' +
      '  if (!normalized) return true;\n' +
      '\n' +
      '  const family = net.isIP(normalized);\n' +
      '  if (family === 4 || family === 6) return isPrivateAddress(normalized);\n' +
      '\n' +
      '  // Single-label names are resolved through local DNS/search domains and are\n' +
      '  // overwhelmingly intranet targets. The suffixes below cover common local,\n' +
      '  // mDNS, and split-horizon naming conventions (including cloud metadata).\n' +
      '  if (!normalized.includes(".")) return true;\n' +
      '  return normalized === "localhost"\n' +
      '    || normalized.endsWith(".localhost")\n' +
      '    || normalized.endsWith(".local")\n' +
      '    || normalized.endsWith(".internal")\n' +
      '    || normalized.endsWith(".lan")\n' +
      '    || normalized.endsWith(".home")\n' +
      '    || normalized.endsWith(".home.arpa");\n' +
      '}\n' +
      '\n' +
      'export function prioritizeResolvedAddresses(addresses: Array<{ address: string; family: number }>) {\n' +
      '  const unique = new Map<string, ResolvedAddress>();\n' +
      '  for (const item of addresses) {\n' +
      '    const family = net.isIP(item.address);\n' +
      '    if ((family !== 4 && family !== 6) || isPrivateAddress(item.address)) continue;\n' +
      '    unique.set(`${family}:${item.address}`, { address: item.address, family });\n' +
      '  }\n' +
      '\n' +
      '  return [...unique.values()].sort((left, right) => left.family - right.family);\n' +
      '}\n'
    
  code: 'ERR_ASSERTION'
  name: 'AssertionError'
  expected:
  actual: |-
    import net from "node:net";
    
    export type ResolvedAddress = {
      address: string;
      family: 4 | 6;
    };
    
    function ipv4ToNumber(address: string) {
      return address.split(".").reduce((total, part) => (total << 8) + Number(part), 0) >>> 0;
    }
    
    function isIpv4InRange(address: string, base: string, prefix: number) {
      const mask = prefix === 0 ? 0 : (0xffffffff << (32 - prefix)) >>> 0;
      return (ipv4ToNumber(address) & mask) === (ipv4ToNumber(base) & mask);
    }
    
    function isPrivateIpv4(address: string) {
      const ranges: Array<[string, number]> = [
        ["0.0.0.0", 8],
        ["10.0.0.0", 8],
        ["100.64.0.0", 10],
        ["127.0.0.0", 8],
        ["168.63.129.16", 32],
        ["169.254.0.0", 16],
        ["172.16.0.0", 12],
        ["192.0.0.0", 24],
        ["192.0.2.0", 24],
        ["192.88.99.0", 24],
        ["192.168.0.0", 16],
        ["198.18.0.0", 15],
        ["198.51.100.0", 24],
        ["203.0.113.0", 24],
        ["224.0.0.0", 4],
        ["240.0.0.0", 4]
      ];
      return ranges.some(([base, prefix]) => isIpv4InRange(address, base, prefix));
    }
    
    function expandIpv6(address: string) {
      const normalized = address.toLowerCase().split("%")[0];
      if (normalized.includes(".")) {
        const lastColon = normalized.lastIndexOf(":");
        const ipv4 = normalized.slice(lastColon + 1);
        if (net.isIPv4(ipv4)) {
          const number = ipv4ToNumber(ipv4);
          address = `${normalized.slice(0, lastColon)}:${((number >>> 16) & 0xffff).toString(16)}:${(number & 0xffff).toString(16)}`;
        }
      }
    
      const [left, right = ""] = address.toLowerCase().split("::");
      const leftParts = left ? left.split(":") : [];
      const rightParts = right ? right.split(":") : [];
      const missing = Math.max(0, 8 - leftParts.length - rightParts.length);
      return [...leftParts, ...Array.from({ length: missing }, () => "0"), ...rightParts]
        .map((part) => part.padStart(4, "0"))
        .slice(0, 8);
    }
    
    function ipv6PartsToBigInt(parts: string[]) {
      return parts.reduce((value, part) => (value << 16n) | BigInt(Number.parseInt(part, 16)), 0n);
    }
    
    function isIpv6InRange(parts: string[], base: string, prefix: number) {
      const addressValue = ipv6PartsToBigInt(parts);
      const baseValue = ipv6PartsToBigInt(expandIpv6(base));
      const shift = BigInt(128 - prefix);
      return (addressValue >> shift) === (baseValue >> shift);
    }
    
    function embeddedIpv4(parts: string[]) {
      const high = Number.parseInt(parts[6], 16);
      const low = Number.parseInt(parts[7], 16);
      return `${high >>> 8}.${high & 255}.${low >>> 8}.${low & 255}`;
    }
    
    function embeddedIpv4Translation(parts: string[]) {
      const isMappedIpv4 = parts.slice(0, 5).every((part) => part === "0000") && parts[5] === "ffff";
      const isTranslatedIpv4 = parts.slice(0, 4).every((part) => part === "0000")
        && parts[4] === "ffff"
        && parts[5] === "0000";
      return isMappedIpv4 || isTranslatedIpv4 ? embeddedIpv4(parts) : null;
    }
    
    export function canonicalIpAddressKey(value: string) {
      const address = value.trim().toLowerCase().replace(/^\[|\]$/g, "").split("%", 1)[0];
      const family = net.isIP(address);
      if (family === 4) return `4:${address}`;
      if (family !== 6) return "";
    
      const parts = expandIpv6(address);
      if (parts.length !== 8 || parts.some((part) => !/^[0-9a-f]{4}$/i.test(part))) return "";
      const translated = embeddedIpv4Translation(parts);
      if (translated) return `4:${translated}`;
      return `6:${parts.join(":")}`;
    }
    
    function isPrivateIpv6(address: string) {
      const parts = expandIpv6(address);
      if (parts.length !== 8 || parts.some((part) => !/^[0-9a-f]{4}$/i.test(part))) return true;
    
      // Keep private/special-use classification and self-origin comparison on the
      // same canonical interpretation of mapped and translated IPv4 forms.
      const translated = embeddedIpv4Translation(parts);
      if (translated) return isPrivateIpv4(translated);
    
      const specialUseRanges: Array<[string, number]> = [
        ["::", 96],
        ["64:ff9b::", 96],
        ["64:ff9b:1::", 48],
        ["100::", 64],
        ["100:0:0:1::", 64],
        ["2001::", 23],
        ["2001:db8::", 32],
        ["2002::", 16],
        ["3fff::", 20],
        ["5f00::", 16],
        ["fc00::", 7],
        ["fe80::", 10],
        ["fec0::", 10],
        ["ff00::", 8]
      ];
      return specialUseRanges.some(([base, prefix]) => isIpv6InRange(parts, base, prefix));
    }
    
    export function isPrivateAddress(address: string) {
      const family = net.isIP(address);
      if (family === 4) return isPrivateIpv4(address);
      if (family === 6) return isPrivateIpv6(address);
      return true;
    }
    
    export function isPrivateOrLocalHostname(hostname: string) {
      const normalized = hostname
        .trim()
        .toLowerCase()
        .replace(/^\[|\]$/g, "")
        .replace(/\.$/, "");
      if (!normalized) return true;
    
      const family = net.isIP(normalized);
      if (family === 4 || family === 6) return isPrivateAddress(normalized);
    
      // Single-label names are resolved through local DNS/search domains and are
      // overwhelmingly intranet targets. The suffixes below cover common local,
      // mDNS, and split-horizon naming conventions (including cloud metadata).
      if (!normalized.includes(".")) return true;
      return normalized === "localhost"
        || normalized.endsWith(".localhost")
        || normalized.endsWith(".local")
        || normalized.endsWith(".internal")
        || normalized.endsWith(".lan")
        || normalized.endsWith(".home")
        || normalized.endsWith(".home.arpa");
    }
    
    export function prioritizeResolvedAddresses(addresses: Array<{ address: string; family: number }>) {
      const unique = new Map<string, ResolvedAddress>();
      for (const item of addresses) {
        const family = net.isIP(item.address);
        if ((family !== 4 && family !== 6) || isPrivateAddress(item.address)) continue;
        unique.set(`${family}:${item.address}`, { address: item.address, family });
      }
    
      return [...unique.values()].sort((left, right) => left.family - right.family);
    }
    
  operator: 'match'
  stack: |-
    TestContext.<anonymous> (file:///mnt/data/BrainVault_work/tests/security-remediation.node.test.mjs:367:10)
    Test.runInAsyncScope (node:async_hooks:214:14)
    Test.run (node:internal/test_runner/test:1047:25)
    Test.processPendingSubtests (node:internal/test_runner/test:744:18)
    Test.postRun (node:internal/test_runner/test:1173:19)
    Test.run (node:internal/test_runner/test:1101:12)
    async Test.processPendingSubtests (node:internal/test_runner/test:744:7)
  ...
# Subtest: active password lockout is evaluated before accepting a correct password
ok 898 - active password lockout is evaluated before accepting a correct password
  ---
  duration_ms: 0.269033
  type: 'test'
  ...
# Subtest: server startup fails closed when NODE_ENV was not explicitly configured
ok 899 - server startup fails closed when NODE_ENV was not explicitly configured
  ---
  duration_ms: 0.249483
  type: 'test'
  ...
# Subtest: declared markdown and sanitizer dependency floors stay on patched releases
ok 900 - declared markdown and sanitizer dependency floors stay on patched releases
  ---
  duration_ms: 1.692192
  type: 'test'
  ...
# Subtest: periodic data-transfer cleanup cannot overlap itself on slow storage
ok 901 - periodic data-transfer cleanup cannot overlap itself on slow storage
  ---
  duration_ms: 17.621406
  type: 'test'
  ...
# Subtest: server shutdown cancels both periodic housekeeping timers
ok 902 - server shutdown cancels both periodic housekeeping timers
  ---
  duration_ms: 2.767466
  type: 'test'
  ...
# Subtest: share dialog results remain bound to the page and dialog generation that requested them
ok 903 - share dialog results remain bound to the page and dialog generation that requested them
  ---
  duration_ms: 15.316668
  type: 'test'
  ...
# Subtest: standalone reproduction proves stale share lists can target the wrong current page
ok 904 - standalone reproduction proves stale share lists can target the wrong current page
  ---
  duration_ms: 45.252337
  type: 'test'
  ...
# Subtest: stale collaborator revocation cannot delete a replacement grant
ok 905 - stale collaborator revocation cannot delete a replacement grant
  ---
  duration_ms: 3.025904
  type: 'test'
  ...
# Subtest: share removal is owner-scoped and generation-fenced before destructive recovery work
ok 906 - share removal is owner-scoped and generation-fenced before destructive recovery work
  ---
  duration_ms: 3.975082
  type: 'test'
  ...
# Subtest: new and restored shares receive fresh generations, and clients send the displayed generation
ok 907 - new and restored shares receive fresh generations, and clients send the displayed generation
  ---
  duration_ms: 35.891456
  type: 'test'
  ...
# Subtest: workspace restore fingerprint treats share generation as causal state
ok 908 - workspace restore fingerprint treats share generation as causal state
  ---
  duration_ms: 1.388909
  type: 'test'
  ...
# Subtest: permanent page deletion snapshot binds destructive intent to share generations
ok 909 - permanent page deletion snapshot binds destructive intent to share generations
  ---
  duration_ms: 3.155081
  type: 'test'
  ...
# Subtest: share UI continues to use safe text sinks for collaborator-controlled labels
ok 910 - share UI continues to use safe text sinks for collaborator-controlled labels
  ---
  duration_ms: 21.95292
  type: 'test'
  ...
# Subtest: permanent page deletion snapshot binds destructive intent to collaboration document lineage
ok 911 - permanent page deletion snapshot binds destructive intent to collaboration document lineage
  ---
  duration_ms: 1.456649
  type: 'test'
  ...
# Subtest: share list binds administrator authorization and owner-scoped share rows to one database snapshot
ok 912 - share list binds administrator authorization and owner-scoped share rows to one database snapshot
  ---
  duration_ms: 9.826683
  type: 'test'
  ...
# Subtest: reproduction: page-id reuse cannot expose a replacement owner's share list
ok 913 - reproduction: page-id reuse cannot expose a replacement owner's share list
  ---
  duration_ms: 0.791176
  type: 'test'
  ...
# Subtest: share dialog remains bound to the navigation that opened it
ok 914 - share dialog remains bound to the navigation that opened it
  ---
  duration_ms: 20.950938
  type: 'test'
  ...
# Subtest: share grants and revocations revalidate dialog, auth, and navigation intent through fetch preflight
ok 915 - share grants and revocations revalidate dialog, auth, and navigation intent through fetch preflight
  ---
  duration_ms: 15.760207
  type: 'test'
  ...
# Subtest: reproduction: superseded sharing intents cannot release an unsent access mutation
ok 916 - reproduction: superseded sharing intents cannot release an unsent access mutation
  ---
  duration_ms: 66.73821
  type: 'test'
  ...
# Subtest: public/img/icon_origin.png stays pixel-identical after lossless recompression
ok 917 - public/img/icon_origin.png stays pixel-identical after lossless recompression
  ---
  duration_ms: 279.036964
  type: 'test'
  ...
# Subtest: public/img/icon_normal.png stays pixel-identical after lossless recompression
ok 918 - public/img/icon_normal.png stays pixel-identical after lossless recompression
  ---
  duration_ms: 15.547639
  type: 'test'
  ...
# Subtest: public/img/default_cover/coverimg2.png stays pixel-identical after lossless recompression
ok 919 - public/img/default_cover/coverimg2.png stays pixel-identical after lossless recompression
  ---
  duration_ms: 286.940644
  type: 'test'
  ...
# Subtest: public/img/default_cover/coverimg4.png stays pixel-identical after lossless recompression
ok 920 - public/img/default_cover/coverimg4.png stays pixel-identical after lossless recompression
  ---
  duration_ms: 274.205767
  type: 'test'
  ...
# Subtest: public/img/default_cover/coverimg5.png stays pixel-identical after lossless recompression
ok 921 - public/img/default_cover/coverimg5.png stays pixel-identical after lossless recompression
  ---
  duration_ms: 221.615678
  type: 'test'
  ...
# node:internal/modules/esm/get_format:219
#   throw new ERR_UNKNOWN_FILE_EXTENSION(ext, filepath);
#         ^
# TypeError [ERR_UNKNOWN_FILE_EXTENSION]: Unknown file extension ".ts" for /mnt/data/BrainVault_work/src/lib/database.ts
#     at Object.getFileProtocolModuleFormat [as file:] (node:internal/modules/esm/get_format:219:9)
#     at defaultGetFormat (node:internal/modules/esm/get_format:245:36)
#     at defaultLoad (node:internal/modules/esm/load:120:22)
#     at async ModuleLoader.loadAndTranslate (node:internal/modules/esm/loader:580:32) {
#   code: 'ERR_UNKNOWN_FILE_EXTENSION'
# }
# Node.js v22.16.0
# Subtest: tests/structured-metadata-integrity.node.test.mjs
not ok 220 - tests/structured-metadata-integrity.node.test.mjs
  ---
  duration_ms: 72.252826
  type: 'test'
  location: '/mnt/data/BrainVault_work/tests/structured-metadata-integrity.node.test.mjs:1:1'
  failureType: 'testCodeFailure'
  exitCode: 1
  signal: ~
  error: 'test failed'
  code: 'ERR_TEST_FAILURE'
  ...
# node:internal/modules/esm/get_format:219
#   throw new ERR_UNKNOWN_FILE_EXTENSION(ext, filepath);
#         ^
# TypeError [ERR_UNKNOWN_FILE_EXTENSION]: Unknown file extension ".ts" for /mnt/data/BrainVault_work/src/lib/mappers.ts
#     at Object.getFileProtocolModuleFormat [as file:] (node:internal/modules/esm/get_format:219:9)
#     at defaultGetFormat (node:internal/modules/esm/get_format:245:36)
#     at defaultLoad (node:internal/modules/esm/load:120:22)
#     at async ModuleLoader.loadAndTranslate (node:internal/modules/esm/loader:580:32) {
#   code: 'ERR_UNKNOWN_FILE_EXTENSION'
# }
# Node.js v22.16.0
# Subtest: tests/theme-preference-persistence.node.test.mjs
not ok 221 - tests/theme-preference-persistence.node.test.mjs
  ---
  duration_ms: 73.909367
  type: 'test'
  location: '/mnt/data/BrainVault_work/tests/theme-preference-persistence.node.test.mjs:1:1'
  failureType: 'testCodeFailure'
  exitCode: 1
  signal: ~
  error: 'test failed'
  code: 'ERR_TEST_FAILURE'
  ...
# Subtest: TOTP attempt limiting scopes blocks to one account and expires them
ok 924 - TOTP attempt limiting scopes blocks to one account and expires them
  ---
  duration_ms: 14.133423
  type: 'test'
  ...
# Subtest: TOTP IP enforcement is scoped to TOTP verification and leaves sessions/passkeys available
ok 925 - TOTP IP enforcement is scoped to TOTP verification and leaves sessions/passkeys available
  ---
  duration_ms: 9.737056
  type: 'test'
  ...
# node:internal/modules/esm/get_format:219
#   throw new ERR_UNKNOWN_FILE_EXTENSION(ext, filepath);
#         ^
# TypeError [ERR_UNKNOWN_FILE_EXTENSION]: Unknown file extension ".ts" for /mnt/data/BrainVault_work/src/lib/treeview.ts
#     at Object.getFileProtocolModuleFormat [as file:] (node:internal/modules/esm/get_format:219:9)
#     at defaultGetFormat (node:internal/modules/esm/get_format:245:36)
#     at defaultLoad (node:internal/modules/esm/load:120:22)
#     at async ModuleLoader.loadAndTranslate (node:internal/modules/esm/loader:580:32) {
#   code: 'ERR_UNKNOWN_FILE_EXTENSION'
# }
# Node.js v22.16.0
# Subtest: tests/treeview-regression.node.test.mjs
not ok 223 - tests/treeview-regression.node.test.mjs
  ---
  duration_ms: 62.885224
  type: 'test'
  location: '/mnt/data/BrainVault_work/tests/treeview-regression.node.test.mjs:1:1'
  failureType: 'testCodeFailure'
  exitCode: 1
  signal: ~
  error: 'test failed'
  code: 'ERR_TEST_FAILURE'
  ...
# Subtest: backup v3 preserves every per-account attachment file, including retained unlinked files
ok 927 - backup v3 preserves every per-account attachment file, including retained unlinked files
  ---
  duration_ms: 6.435314
  type: 'test'
  ...
# Subtest: restore conflict fencing includes live filesystem asset generations
ok 928 - restore conflict fencing includes live filesystem asset generations
  ---
  duration_ms: 11.985592
  type: 'test'
  ...
# Subtest: attachment final-file cleanup shares the backup/restore user asset lock
ok 929 - attachment final-file cleanup shares the backup/restore user asset lock
  ---
  duration_ms: 1.587181
  type: 'test'
  ...
# Subtest: MariaDB refuses approximate BIGINT-to-Number conversions
ok 930 - MariaDB refuses approximate BIGINT-to-Number conversions
  ---
  duration_ms: 0.886566
  type: 'test'
  ...
# Subtest: optimistic version inputs are bounded to JavaScript's exact integer range
ok 931 - optimistic version inputs are bounded to JavaScript's exact integer range
  ---
  duration_ms: 1.225936
  type: 'test'
  ...
# Subtest: reproduction demonstrates the unsafe adjacent-BIGINT collision that the connector guard rejects
ok 932 - reproduction demonstrates the unsafe adjacent-BIGINT collision that the connector guard rejects
  ---
  duration_ms: 95.975469
  type: 'test'
  ...
# Subtest: every SQL version increment is fenced below the JavaScript safe-integer ceiling
ok 933 - every SQL version increment is fenced below the JavaScript safe-integer ceiling
  ---
  duration_ms: 1.389474
  type: 'test'
  ...
# Subtest: page-version history refuses to create an unsafe revision
ok 934 - page-version history refuses to create an unsafe revision
  ---
  duration_ms: 0.329488
  type: 'test'
  ...
# Subtest: VPN access policy is enforced across authentication and collaboration boundaries
ok 935 - VPN access policy is enforced across authentication and collaboration boundaries
  ---
  duration_ms: 11.795096
  type: 'test'
  ...
# Subtest: VPN detection uses free no-key network intelligence, Tor bulk data, public-relay directory data, and conservative supporting signals
ok 936 - VPN detection uses free no-key network intelligence, Tor bulk data, public-relay directory data, and conservative supporting signals
  ---
  duration_ms: 2.404339
  type: 'test'
  ...
# Subtest: settings API, migration, browser UI, and block history include VPN blocking
ok 937 - settings API, migration, browser UI, and block history include VPN blocking
  ---
  duration_ms: 15.074994
  type: 'test'
  ...
# Subtest: unexpected policy-engine failures do not destroy cookie sessions
ok 938 - unexpected policy-engine failures do not destroy cookie sessions
  ---
  duration_ms: 1.457693
  type: 'test'
  ...
# Subtest: Public-relay refresh serves a still-safe cached directory without blocking the next authenticated request
not ok 939 - Public-relay refresh serves a still-safe cached directory without blocking the next authenticated request
  ---
  duration_ms: 11.338185
  type: 'test'
  location: '/mnt/data/BrainVault_work/tests/vpngate-refresh-latency.node.test.mjs:33:1'
  failureType: 'testCodeFailure'
  error: 'Unknown file extension ".ts" for /tmp/brainvault-vpngate-test-Oar9f4/vpngate-relays.ts'
  code: 'ERR_UNKNOWN_FILE_EXTENSION'
  name: 'TypeError'
  stack: |-
    Object.getFileProtocolModuleFormat [as file:] (node:internal/modules/esm/get_format:219:9)
    defaultGetFormat (node:internal/modules/esm/get_format:245:36)
    defaultLoad (node:internal/modules/esm/load:120:22)
    async ModuleLoader.loadAndTranslate (node:internal/modules/esm/loader:580:32)
    async ModuleJob._link (node:internal/modules/esm/module_job:116:19)
  ...
# Subtest: other bounded network readers avoid a redundant Buffer.from copy for each fetch chunk
ok 940 - other bounded network readers avoid a redundant Buffer.from copy for each fetch chunk
  ---
  duration_ms: 10.694234
  type: 'test'
  ...
# Subtest: country batch JSON decoding remains correct when Uint8Array chunks are retained without copying
not ok 941 - country batch JSON decoding remains correct when Uint8Array chunks are retained without copying
  ---
  duration_ms: 2.311884
  type: 'test'
  location: '/mnt/data/BrainVault_work/tests/vpngate-streaming-resource.node.test.mjs:59:1'
  failureType: 'testCodeFailure'
  error: 'Unknown file extension ".ts" for /mnt/data/BrainVault_work/src/lib/geo-country.ts'
  code: 'ERR_UNKNOWN_FILE_EXTENSION'
  name: 'TypeError'
  stack: |-
    Object.getFileProtocolModuleFormat [as file:] (node:internal/modules/esm/get_format:219:9)
    defaultGetFormat (node:internal/modules/esm/get_format:245:36)
    defaultLoad (node:internal/modules/esm/load:120:22)
    async ModuleLoader.loadAndTranslate (node:internal/modules/esm/loader:580:32)
    async ModuleJob._link (node:internal/modules/esm/module_job:116:19)
  ...
# Subtest: VPN Gate refresh parses the bounded directory incrementally instead of materializing duplicate full-body buffers
ok 942 - VPN Gate refresh parses the bounded directory incrementally instead of materializing duplicate full-body buffers
  ---
  duration_ms: 4.540869
  type: 'test'
  ...
# Subtest: streaming VPN Gate parsing preserves chunk-boundary, CRLF, quoted CSV, and public-relay behavior
not ok 943 - streaming VPN Gate parsing preserves chunk-boundary, CRLF, quoted CSV, and public-relay behavior
  ---
  duration_ms: 4.043543
  type: 'test'
  location: '/mnt/data/BrainVault_work/tests/vpngate-streaming-resource.node.test.mjs:85:1'
  failureType: 'testCodeFailure'
  error: 'Unknown file extension ".ts" for /tmp/brainvault-vpngate-stream-test-NlU7JL/vpngate-relays.ts'
  code: 'ERR_UNKNOWN_FILE_EXTENSION'
  name: 'TypeError'
  stack: |-
    Object.getFileProtocolModuleFormat [as file:] (node:internal/modules/esm/get_format:219:9)
    defaultGetFormat (node:internal/modules/esm/get_format:245:36)
    defaultLoad (node:internal/modules/esm/load:120:22)
    async ModuleLoader.loadAndTranslate (node:internal/modules/esm/loader:580:32)
    async ModuleJob._link (node:internal/modules/esm/module_job:116:19)
  ...
# Subtest: streaming parser keeps the 20,000 accepted-row cap and four-hostname-per-IP cap
not ok 944 - streaming parser keeps the 20,000 accepted-row cap and four-hostname-per-IP cap
  ---
  duration_ms: 7.217872
  type: 'test'
  location: '/mnt/data/BrainVault_work/tests/vpngate-streaming-resource.node.test.mjs:132:1'
  failureType: 'testCodeFailure'
  error: 'Unknown file extension ".ts" for /tmp/brainvault-vpngate-stream-test-KkeK4D/vpngate-relays.ts'
  code: 'ERR_UNKNOWN_FILE_EXTENSION'
  name: 'TypeError'
  stack: |-
    Object.getFileProtocolModuleFormat [as file:] (node:internal/modules/esm/get_format:219:9)
    defaultGetFormat (node:internal/modules/esm/get_format:245:36)
    defaultLoad (node:internal/modules/esm/load:120:22)
    async ModuleLoader.loadAndTranslate (node:internal/modules/esm/loader:580:32)
    async ModuleJob._link (node:internal/modules/esm/module_job:116:19)
  ...
# Subtest: streaming refresh still reads raw bytes after the row cap and rejects an oversized chunked body
not ok 945 - streaming refresh still reads raw bytes after the row cap and rejects an oversized chunked body
  ---
  duration_ms: 12.864607
  type: 'test'
  location: '/mnt/data/BrainVault_work/tests/vpngate-streaming-resource.node.test.mjs:157:1'
  failureType: 'testCodeFailure'
  error: 'Unknown file extension ".ts" for /tmp/brainvault-vpngate-stream-test-dNCYsi/vpngate-relays.ts'
  code: 'ERR_UNKNOWN_FILE_EXTENSION'
  name: 'TypeError'
  stack: |-
    Object.getFileProtocolModuleFormat [as file:] (node:internal/modules/esm/get_format:219:9)
    defaultGetFormat (node:internal/modules/esm/get_format:245:36)
    defaultLoad (node:internal/modules/esm/load:120:22)
    async ModuleLoader.loadAndTranslate (node:internal/modules/esm/loader:580:32)
    async ModuleJob._link (node:internal/modules/esm/module_job:116:19)
  ...
# Subtest: declared VPN Gate bodies above the byte limit are rejected before any body data is accepted
not ok 946 - declared VPN Gate bodies above the byte limit are rejected before any body data is accepted
  ---
  duration_ms: 7.197527
  type: 'test'
  location: '/mnt/data/BrainVault_work/tests/vpngate-streaming-resource.node.test.mjs:183:1'
  failureType: 'testCodeFailure'
  error: 'Unknown file extension ".ts" for /tmp/brainvault-vpngate-stream-test-bWXbVc/vpngate-relays.ts'
  code: 'ERR_UNKNOWN_FILE_EXTENSION'
  name: 'TypeError'
  stack: |-
    Object.getFileProtocolModuleFormat [as file:] (node:internal/modules/esm/get_format:219:9)
    defaultGetFormat (node:internal/modules/esm/get_format:245:36)
    defaultLoad (node:internal/modules/esm/load:120:22)
    async ModuleLoader.loadAndTranslate (node:internal/modules/esm/loader:580:32)
    async ModuleJob._link (node:internal/modules/esm/module_job:116:19)
  ...
# Subtest: clean Enter at tail performs one committed create, no PATCH/reorder/GET
ok 947 - clean Enter at tail performs one committed create, no PATCH/reorder/GET
  ---
  duration_ms: 114.928144
  type: 'test'
  ...
# Subtest: dirty Enter durably saves once, then creates once without a page reload
ok 948 - dirty Enter durably saves once, then creates once without a page reload
  ---
  duration_ms: 133.792541
  type: 'test'
  ...
# Subtest: middle insertion keeps required reorder, avoids redundant full page GET
ok 949 - middle insertion keeps required reorder, avoids redundant full page GET
  ---
  duration_ms: 229.502088
  type: 'test'
  ...
# Subtest: save-on-blur of an acknowledged block is a no-op even after the previous queue became idle
ok 950 - save-on-blur of an acknowledged block is a no-op even after the previous queue became idle
  ---
  duration_ms: 150.77471
  type: 'test'
  ...
# Subtest: equal structured metadata with different key order does not create a redundant PATCH
ok 951 - equal structured metadata with different key order does not create a redundant PATCH
  ---
  duration_ms: 79.825813
  type: 'test'
  ...
# Subtest: no-op optimization must not skip dirty row
ok 952 - no-op optimization must not skip dirty row
  ---
  duration_ms: 84.127124
  type: 'test'
  ...
# Subtest: no-op optimization must not skip save error
ok 953 - no-op optimization must not skip save error
  ---
  duration_ms: 88.62906
  type: 'test'
  ...
# Subtest: no-op optimization must not skip local visibility admission
ok 954 - no-op optimization must not skip local visibility admission
  ---
  duration_ms: 87.845195
  type: 'test'
  ...
# Subtest: no-op optimization must not skip stored recovery draft
ok 955 - no-op optimization must not skip stored recovery draft
  ---
  duration_ms: 96.558498
  type: 'test'
  ...
# Subtest: no-op optimization must not skip retained expected version
ok 956 - no-op optimization must not skip retained expected version
  ---
  duration_ms: 83.506174
  type: 'test'
  ...
# Subtest: no-op optimization must not skip retained source
ok 957 - no-op optimization must not skip retained source
  ---
  duration_ms: 81.003974
  type: 'test'
  ...
# Subtest: no-op optimization must not skip scheduled save
ok 958 - no-op optimization must not skip scheduled save
  ---
  duration_ms: 75.577404
  type: 'test'
  ...
# Subtest: no-op optimization must not skip authentication-bound pending edit
ok 959 - no-op optimization must not skip authentication-bound pending edit
  ---
  duration_ms: 94.772262
  type: 'test'
  ...
# Subtest: no-op optimization must not skip changed text
ok 960 - no-op optimization must not skip changed text
  ---
  duration_ms: 82.502478
  type: 'test'
  ...
# Subtest: no-op optimization must not skip changed checkbox
ok 961 - no-op optimization must not skip changed checkbox
  ---
  duration_ms: 102.567292
  type: 'test'
  ...
# Subtest: no-op optimization must not skip changed structured metadata
ok 962 - no-op optimization must not skip changed structured metadata
  ---
  duration_ms: 105.460293
  type: 'test'
  ...
# Subtest: active save queue is not bypassed by payload equality
ok 963 - active save queue is not bypassed by payload equality
  ---
  duration_ms: 75.186562
  type: 'test'
  ...
# Subtest: recovery conflict still persists locally and never overwrites server implicitly
ok 964 - recovery conflict still persists locally and never overwrites server implicitly
  ---
  duration_ms: 75.253967
  type: 'test'
  ...
# Subtest: stale authentication is rejected even for clean unchanged text
ok 965 - stale authentication is rejected even for clean unchanged text
  ---
  duration_ms: 83.219974
  type: 'test'
  ...
# Subtest: read-only and deleted rows are never saved
ok 966 - read-only and deleted rows are never saved
  ---
  duration_ms: 108.137149
  type: 'test'
  ...
# Subtest: collaborative save stays on the existing Yjs path, not the direct no-op path
ok 967 - collaborative save stays on the existing Yjs path, not the direct no-op path
  ---
  duration_ms: 87.261789
  type: 'test'
  ...
# Subtest: append on empty page uses one create and makes it visible
ok 968 - append on empty page uses one create and makes it visible
  ---
  duration_ms: 93.518725
  type: 'test'
  ...
# Subtest: append button at root takes the same confirmed fast path as Enter
ok 969 - append button at root takes the same confirmed fast path as Enter
  ---
  duration_ms: 77.563703
  type: 'test'
  ...
# Subtest: non-authoritative create takes original canonical refresh and never attempts stale reorder
ok 970 - non-authoritative create takes original canonical refresh and never attempts stale reorder
  ---
  duration_ms: 75.428687
  type: 'test'
  ...
# Subtest: an ambiguous create response replays the same mutation ID, no duplicate block
ok 971 - an ambiguous create response replays the same mutation ID, no duplicate block
  ---
  duration_ms: 94.444718
  type: 'test'
  ...
# Subtest: reorder conflict retains original refresh behavior after committed create
ok 972 - reorder conflict retains original refresh behavior after committed create
  ---
  duration_ms: 84.265481
  type: 'test'
  ...
# Subtest: canonical refresh 401 cannot be converted into a successful local fallback
ok 973 - canonical refresh 401 cannot be converted into a successful local fallback
  ---
  duration_ms: 118.769921
  type: 'test'
  ...
# Subtest: canonical refresh 403 cannot be converted into a successful local fallback
ok 974 - canonical refresh 403 cannot be converted into a successful local fallback
  ---
  duration_ms: 88.233877
  type: 'test'
  ...
# Subtest: canonical refresh 404 cannot be converted into a successful local fallback
ok 975 - canonical refresh 404 cannot be converted into a successful local fallback
  ---
  duration_ms: 76.795487
  type: 'test'
  ...
# Subtest: pending local text is never replaced by a confirmed response fast path
ok 976 - pending local text is never replaced by a confirmed response fast path
  ---
  duration_ms: 85.692842
  type: 'test'
  ...
# Subtest: confirmed rendering rechecks logout after asynchronous recovery cleanup
ok 977 - confirmed rendering rechecks logout after asynchronous recovery cleanup
  ---
  duration_ms: 82.250874
  type: 'test'
  ...
# Subtest: confirmed rendering rechecks navigation after asynchronous recovery cleanup
ok 978 - confirmed rendering rechecks navigation after asynchronous recovery cleanup
  ---
  duration_ms: 106.914169
  type: 'test'
  ...
# Subtest: confirmed rendering rechecks same-page replacement after asynchronous recovery cleanup
ok 979 - confirmed rendering rechecks same-page replacement after asynchronous recovery cleanup
  ---
  duration_ms: 95.624243
  type: 'test'
  ...
# Subtest: confirmed rendering rechecks permissions revoked after asynchronous recovery cleanup
ok 980 - confirmed rendering rechecks permissions revoked after asynchronous recovery cleanup
  ---
  duration_ms: 72.825592
  type: 'test'
  ...
# Subtest: confirmed rendering rechecks collaboration enabled after asynchronous recovery cleanup
ok 981 - confirmed rendering rechecks collaboration enabled after asynchronous recovery cleanup
  ---
  duration_ms: 74.556421
  type: 'test'
  ...
# Subtest: confirmed rendering rechecks new local edit after asynchronous recovery cleanup
ok 982 - confirmed rendering rechecks new local edit after asynchronous recovery cleanup
  ---
  duration_ms: 75.932955
  type: 'test'
  ...
# Subtest: confirmed rendering rechecks recovered title conflict after asynchronous recovery cleanup
ok 983 - confirmed rendering rechecks recovered title conflict after asynchronous recovery cleanup
  ---
  duration_ms: 101.610784
  type: 'test'
  ...
# Subtest: confirmed rendering rechecks recovered block conflict after asynchronous recovery cleanup
ok 984 - confirmed rendering rechecks recovered block conflict after asynchronous recovery cleanup
  ---
  duration_ms: 89.36765
  type: 'test'
  ...
# Subtest: confirmed rendering rechecks local storage failure after asynchronous recovery cleanup
ok 985 - confirmed rendering rechecks local storage failure after asynchronous recovery cleanup
  ---
  duration_ms: 96.296519
  type: 'test'
  ...
# Subtest: navigation during new cleanup await cannot send a follow-up reorder or refresh
ok 986 - navigation during new cleanup await cannot send a follow-up reorder or refresh
  ---
  duration_ms: 83.548022
  type: 'test'
  ...
# Subtest: slow transport does not reintroduce additional network round trips
ok 987 - slow transport does not reintroduce additional network round trips
  ---
  duration_ms: 140.7411
  type: 'test'
  ...
# Subtest: WebRTC network signal marks a missing RTCPeerConnection implementation as disabled
ok 988 - WebRTC network signal marks a missing RTCPeerConnection implementation as disabled
  ---
  duration_ms: 1.237937
  type: 'test'
  ...
# Subtest: WebRTC network signal collects only server-reflexive STUN candidate addresses
ok 989 - WebRTC network signal collects only server-reflexive STUN candidate addresses
  ---
  duration_ms: 1.055114
  type: 'test'
  ...
# Subtest: WebRTC network signal headers carry state and observed addresses
ok 990 - WebRTC network signal headers carry state and observed addresses
  ---
  duration_ms: 32.515932
  type: 'test'
  ...
# node:internal/modules/esm/get_format:219
#   throw new ERR_UNKNOWN_FILE_EXTENSION(ext, filepath);
#         ^
# TypeError [ERR_UNKNOWN_FILE_EXTENSION]: Unknown file extension ".ts" for /mnt/data/BrainVault_work/src/lib/websocket.ts
#     at Object.getFileProtocolModuleFormat [as file:] (node:internal/modules/esm/get_format:219:9)
#     at defaultGetFormat (node:internal/modules/esm/get_format:245:36)
#     at defaultLoad (node:internal/modules/esm/load:120:22)
#     at async ModuleLoader.loadAndTranslate (node:internal/modules/esm/loader:580:32) {
#   code: 'ERR_UNKNOWN_FILE_EXTENSION'
# }
# Node.js v22.16.0
# Subtest: tests/websocket-resource-limits.node.test.mjs
not ok 231 - tests/websocket-resource-limits.node.test.mjs
  ---
  duration_ms: 67.639285
  type: 'test'
  location: '/mnt/data/BrainVault_work/tests/websocket-resource-limits.node.test.mjs:1:1'
  failureType: 'testCodeFailure'
  exitCode: 1
  signal: ~
  error: 'test failed'
  code: 'ERR_TEST_FAILURE'
  ...
# Subtest: workspace restore generation increment is fenced below the JavaScript safe-integer ceiling
ok 992 - workspace restore generation increment is fenced below the JavaScript safe-integer ceiling
  ---
  duration_ms: 1.600081
  type: 'test'
  ...
# Subtest: reproduction: the previous restore increment could create an application-invalid generation
ok 993 - reproduction: the previous restore increment could create an application-invalid generation
  ---
  duration_ms: 0.885809
  type: 'test'
  ...
# Subtest: workspace fragments round-trip page, edit mode, collection, and home destinations
ok 994 - workspace fragments round-trip page, edit mode, collection, and home destinations
  ---
  duration_ms: 1.661196
  type: 'test'
  ...
# Subtest: authentication and unknown fragments never masquerade as workspace destinations
ok 995 - authentication and unknown fragments never masquerade as workspace destinations
  ---
  duration_ms: 0.174848
  type: 'test'
  ...
# Subtest: page mode defaults safely to read unless write is explicitly requested
ok 996 - page mode defaults safely to read unless write is explicitly requested
  ---
  duration_ms: 0.261598
  type: 'test'
  ...
# Subtest: authenticated navigation synchronizes the URL and boot restores it
ok 997 - authenticated navigation synchronizes the URL and boot restores it
  ---
  duration_ms: 6.57126
  type: 'test'
  ...
# Subtest: the initial auth shell stays hidden until cookie-session restoration resolves
ok 998 - the initial auth shell stays hidden until cookie-session restoration resolves
  ---
  duration_ms: 0.500094
  type: 'test'
  ...
# Subtest: workspace navigation applies only the latest page, collection, or home intent
ok 999 - workspace navigation applies only the latest page, collection, or home intent
  ---
  duration_ms: 23.816306
  type: 'test'
  ...
# Subtest: standalone reproduction proves a slow first click cannot overwrite the latest click
ok 1000 - standalone reproduction proves a slow first click cannot overwrite the latest click
  ---
  duration_ms: 55.119453
  type: 'test'
  ...
# Subtest: split active/archive scans can omit a page when a remote archive state changes
ok 1001 - split active/archive scans can omit a page when a remote archive state changes
  ---
  duration_ms: 1.734079
  type: 'test'
  ...
# Subtest: workspace-owned page fencing uses one archive-independent list scan
ok 1002 - workspace-owned page fencing uses one archive-independent list scan
  ---
  duration_ms: 24.659751
  type: 'test'
  ...
# Subtest: page list route supports archive-independent scans without weakening access control
ok 1003 - page list route supports archive-independent scans without weakening access control
  ---
  duration_ms: 3.064873
  type: 'test'
  ...
# Subtest: restored account/navigation mutations reject requests admitted before workspace restore
ok 1004 - restored account/navigation mutations reject requests admitted before workspace restore
  ---
  duration_ms: 6.065351
  type: 'test'
  ...
# Subtest: workspace-generation race model preserves same-generation writes and rejects stale ones
ok 1005 - workspace-generation race model preserves same-generation writes and rejects stale ones
  ---
  duration_ms: 0.337175
  type: 'test'
  ...
# Subtest: workspace restore invalidates pending mutation tasks from the replaced generation
ok 1006 - workspace restore invalidates pending mutation tasks from the replaced generation
  ---
  duration_ms: 82.930247
  type: 'test'
  ...
# Subtest: pending mutation task identity includes workspace generation
ok 1007 - pending mutation task identity includes workspace generation
  ---
  duration_ms: 40.320081
  type: 'test'
  ...
# Subtest: workspace generation separates otherwise identical retry identities
ok 1008 - workspace generation separates otherwise identical retry identities
  ---
  duration_ms: 0.527413
  type: 'test'
  ...
# Subtest: workspace restore rejects reverse memberships that would cascade into a surviving page
ok 1009 - workspace restore rejects reverse memberships that would cascade into a surviving page
  ---
  duration_ms: 2.836725
  type: 'test'
  ...
# Subtest: workspace restore snapshots both membership directions and locks them before replacement
ok 1010 - workspace restore snapshots both membership directions and locks them before replacement
  ---
  duration_ms: 5.880194
  type: 'test'
  ...
# Subtest: safe in-workspace memberships remain valid restore state
ok 1011 - safe in-workspace memberships remain valid restore state
  ---
  duration_ms: 0.288165
  type: 'test'
  ...
# Subtest: browser mutations retain the workspace generation from the user state that created them
ok 1012 - browser mutations retain the workspace generation from the user state that created them
  ---
  duration_ms: 33.893964
  type: 'test'
  ...
# Subtest: race model rejects a deferred pre-restore mutation without blocking same-generation writes
ok 1013 - race model rejects a deferred pre-restore mutation without blocking same-generation writes
  ---
  duration_ms: 52.772886
  type: 'test'
  ...
# Subtest: sanitize-html raw-text advisory precondition stays excluded by the markdown policy
ok 1014 - sanitize-html raw-text advisory precondition stays excluded by the markdown policy
  ---
  duration_ms: 6.032719
  type: 'test'
  ...
# Subtest: durable HTTP mutations are fenced from a workspace restore generation change
ok 1015 - durable HTTP mutations are fenced from a workspace restore generation change
  ---
  duration_ms: 9.0005
  type: 'test'
  ...
# Subtest: live collaboration is fenced from the collaborator's workspace restore generation
ok 1016 - live collaboration is fenced from the collaborator's workspace restore generation
  ---
  duration_ms: 2.644356
  type: 'test'
  ...
# Subtest: race models reject stale post-restore writes without serializing same-generation concurrent creates
ok 1017 - race models reject stale post-restore writes without serializing same-generation concurrent creates
  ---
  duration_ms: 65.969723
  type: 'test'
  ...
# Subtest: workspace snapshot mutations capture the initiating auth scope in the HTTP layer
ok 1018 - workspace snapshot mutations capture the initiating auth scope in the HTTP layer
  ---
  duration_ms: 8.650363
  type: 'test'
  ...
# Subtest: snapshot create and delete revalidate the exact device session before durable or filesystem mutation
ok 1019 - snapshot create and delete revalidate the exact device session before durable or filesystem mutation
  ---
  duration_ms: 6.764318
  type: 'test'
  ...
# Subtest: snapshot restore revalidates and locks its exact source at the destructive commit boundary
ok 1020 - snapshot restore revalidates and locks its exact source at the destructive commit boundary
  ---
  duration_ms: 3.979317
  type: 'test'
  ...
# Subtest: snapshot deletion supersedes a restore that has not crossed its commit boundary
ok 1021 - snapshot deletion supersedes a restore that has not crossed its commit boundary
  ---
  duration_ms: 0.960666
  type: 'test'
  ...
# Subtest: snapshot deletion cannot strand a live row if the process crashes before SQL commit
ok 1022 - snapshot deletion cannot strand a live row if the process crashes before SQL commit
  ---
  duration_ms: 0.241743
  type: 'test'
  ...
# Subtest: stale snapshot mutations are rejected after auth-version rotation or device-session revocation
ok 1023 - stale snapshot mutations are rejected after auth-version rotation or device-session revocation
  ---
  duration_ms: 0.413692
  type: 'test'
  ...
# node:internal/modules/esm/get_format:219
#   throw new ERR_UNKNOWN_FILE_EXTENSION(ext, filepath);
#         ^
# TypeError [ERR_UNKNOWN_FILE_EXTENSION]: Unknown file extension ".ts" for /mnt/data/BrainVault_work/src/lib/workspace-snapshot-diff.ts
#     at Object.getFileProtocolModuleFormat [as file:] (node:internal/modules/esm/get_format:219:9)
#     at defaultGetFormat (node:internal/modules/esm/get_format:245:36)
#     at defaultLoad (node:internal/modules/esm/load:120:22)
#     at async ModuleLoader.loadAndTranslate (node:internal/modules/esm/loader:580:32) {
#   code: 'ERR_UNKNOWN_FILE_EXTENSION'
# }
# Node.js v22.16.0
# Subtest: tests/workspace-snapshot-diff.node.test.mjs
not ok 242 - tests/workspace-snapshot-diff.node.test.mjs
  ---
  duration_ms: 71.573978
  type: 'test'
  location: '/mnt/data/BrainVault_work/tests/workspace-snapshot-diff.node.test.mjs:1:1'
  failureType: 'testCodeFailure'
  exitCode: 1
  signal: ~
  error: 'test failed'
  code: 'ERR_TEST_FAILURE'
  ...
# Subtest: workspace snapshots stay owner-scoped, private, checksummed, and quota bounded
ok 1025 - workspace snapshots stay owner-scoped, private, checksummed, and quota bounded
  ---
  duration_ms: 8.40361
  type: 'test'
  ...
# Subtest: snapshot creation and restore reuse the complete validated backup boundary
ok 1026 - snapshot creation and restore reuse the complete validated backup boundary
  ---
  duration_ms: 5.383505
  type: 'test'
  ...
# Subtest: snapshot diff covers complete canonical backup state without returning unbounded bodies
ok 1027 - snapshot diff covers complete canonical backup state without returning unbounded bodies
  ---
  duration_ms: 3.716863
  type: 'test'
  ...
# Subtest: snapshot settings UI fences browser-only drafts before create, diff, and restore
ok 1028 - snapshot settings UI fences browser-only drafts before create, diff, and restore
  ---
  duration_ms: 12.194708
  type: 'test'
  ...
1..1028
# tests 1028
# suites 0
# pass 964
# fail 64
# cancelled 0
# skipped 0
# todo 0
# duration_ms 12382.452168
